fuel_x0_interval_,fuel_k_interval_,moisture_x0_interval_,moisture_k_interval_,igntions_x0_interval_,igntions_k_interval_,suppression_x0_interval_,suppression_k_interval_,cM_interval_,cL_interval_,cP_interval_,cD1_interval_,cD2_interval_,cDmax_interval_,sigma_log_,fuel_x0,fuel_k,moisture_x0,moisture_k,igntions_x0,igntions_k,suppression_x0,suppression_k,cM,cL,cP,cD1,cD2,cDmax,sigma
-0.32066158661252364,-8.407146071891589,-7.100785706473379,-4.228989266735021,1.77677688836434,-6.8710496992490455,-4.266953397910335,-9.290993026190193,-6.509586003286998,5.378187257596951,-3.3995258430990485,0.4677934704628023,-12.058214417363565,0.2616170849788078,-4.102438476959623,84.10290451819733,0.22321629739825652,0.1647555436777888,14.357952741655966,11.18879466122306,1.0363124902796994,1.3830480227222224,0.09224289718043102,14.868819662455321,9954.050289246452,323.1028655835949,6148.613676550183,0.057967090066995894,5650.337654773918,0.016532312546581295
-0.32066158661252364,-8.381479009696491,-7.119242081148598,-4.228989266735021,1.7758524648242342,-6.8696411017219665,-4.266953397910335,-9.290993026190193,-6.509586003286998,5.378187257596951,-3.3995258430990485,1.4126288013493609,-12.058214417363565,0.2616170849788078,-4.102438476959623,84.10290451819733,0.22901843525335944,0.16174507938247845,14.357952741655966,11.173916545749533,1.0377717501199895,1.3830480227222224,0.09224289718043102,14.868819662455321,9954.050289246452,323.1028655835949,8041.8024354319095,0.057967090066995894,5650.337654773918,0.016532312546581295
-0.32066158661252364,-8.381479009696491,-7.119242081148598,-4.232900749726545,1.7758524648242342,-6.8696411017219665,-4.266953397910335,-9.290993026190193,-6.514937684239827,5.378187257596951,-3.4256967740065507,1.4126288013493609,-12.058214417363565,0.2616170849788078,-4.102438476959623,84.10290451819733,0.22901843525335944,0.16174507938247845,14.302703230430721,11.173916545749533,1.0377717501199895,1.3830480227222224,0.09224289718043102,14.789576400296458,9954.050289246452,315.01957527878494,8041.8024354319095,0.057967090066995894,5650.337654773918,0.016532312546581295
-0.32066158661252364,-8.381479009696491,-7.119242081148598,-4.2144099667094475,1.7758524648242342,-6.867829327964183,-4.392230206599223,-9.290993026190193,-6.376775165517698,5.378187257596951,-3.4256967740065507,1.4126288013493609,-12.058214417363565,0.2616170849788078,-4.102438476959623,84.10290451819733,0.22901843525335944,0.16174507938247845,14.565743653759457,11.173916545749533,1.0396517054950207,1.2221881243045023,0.09224289718043102,16.977111466909946,9954.050289246452,315.01957527878494,8041.8024354319095,0.057967090066995894,5650.337654773918,0.016532312546581295
-0.32066158661252364,-8.381479009696491,-7.119242081148598,-4.2144099667094475,1.7758524648242342,-6.880195906373642,-4.433674080022651,-9.290993026190193,-6.376775165517698,5.378187257596951,-3.4256967740065507,1.4126288013493609,-12.058214417363565,1.0412462249368357,-4.102438476959623,84.10290451819733,0.22901843525335944,0.16174507938247845,14.565743653759457,11.173916545749533,1.026887063927158,1.1731532581268913,0.09224289718043102,16.977111466909946,9954.050289246452,315.01957527878494,8041.8024354319095,0.057967090066995894,7390.903944411962,0.016532312546581295
-0.32066158661252364,-8.381479009696491,-7.119242081148598,-4.2144099667094475,1.7758524648242342,-6.880195906373642,-4.433674080022651,-9.290993026190193,-6.385186961404938,5.378187257596951,-3.4256967740065507,1.4126288013493609,-12.058214417363565,0.7120667198977575,-4.102438476959623,84.10290451819733,0.22901843525335944,0.16174507938247845,14.565743653759457,11.173916545749533,1.026887063927158,1.1731532581268913,0.09224289718043102,16.835141836685303,9954.050289246452,315.01957527878494,8041.8024354319095,0.057967090066995894,6708.5766842498015,0.016532312546581295
-0.32066158661252364,-8.381479009696491,-7.128949911438665,-4.225598070020843,1.7758524648242342,-6.880195906373642,-4.4230147462069445,-9.294681059378064,-6.385186961404938,7.228062299475731,-3.4256967740065507,1.4126288013493609,-12.058214417363565,0.7120667198977575,-4.102438476959623,84.10290451819733,0.22901843525335944,0.1601837340986171,14.406023407758996,11.173916545749533,1.026887063927158,1.1855761257675106,0.0919033600762435,16.835141836685303,9992.746004578232,315.01957527878494,8041.8024354319095,0.057967090066995894,6708.5766842498015,0.016532312546581295
-0.32066158661252364,-8.381479009696491,-7.128949911438665,-4.2245661192122315,1.7758524648242342,-6.882489218954743,-4.4230147462069445,-9.294681059378064,-6.385186961404938,7.228062299475731,-3.4256967740065507,1.4126288013493609,-12.058214417363565,0.7120667198977575,-4.102438476959623,84.10290451819733,0.22901843525335944,0.1601837340986171,14.420682895591385,11.173916545749533,1.024537199178629,1.1855761257675106,0.0919033600762435,16.835141836685303,9992.746004578232,315.01957527878494,8041.8024354319095,0.057967090066995894,6708.5766842498015,0.016532312546581295
-0.32066158661252364,-8.381479009696491,-7.128949911438665,-4.2245661192122315,1.7758524648242342,-6.883412228482551,-4.365463401003096,-9.294681059378064,-6.385186961404938,7.228062299475731,-3.4256967740065507,1.4553484723246608,-12.058214417363565,0.7120667198977575,-4.102678695861572,84.10290451819733,0.22901843525335944,0.1601837340986171,14.420682895591385,11.173916545749533,1.0235929453952948,1.254927872755304,0.0919033600762435,16.835141836685303,9992.746004578232,315.01957527878494,8108.202045989476,0.057967090066995894,6708.5766842498015,0.016528341649576034
-0.32066158661252364,-8.395405223674482,-7.128949911438665,-4.243298467596214,1.7758524648242342,-6.892170374414164,-4.459359252164311,-9.294681059378064,-6.385186961404938,7.228062299475731,-3.4256967740065507,1.4553484723246608,-12.064403247826363,0.7120667198977575,-4.102678695861572,84.10290451819733,0.22585189597011168,0.1601837340986171,14.156852671012183,11.173916545749533,1.0146763686872349,1.1437445557968942,0.0919033600762435,16.835141836685303,9992.746004578232,315.01957527878494,8108.202045989476,0.05760945146472899,6708.5766842498015,0.016528341649576034
-0.32066158661252364,-8.395405223674482,-7.124217002037427,-4.211355248999401,1.7758524648242342,-6.889637878512993,-4.474730468855668,-9.294681059378064,-6.385186961404938,6.950382020671193,-3.4256967740065507,1.4553484723246608,-12.064403247826363,0.9580725324731727,-4.102678695861572,84.10290451819733,0.22585189597011168,0.1609430545969006,14.609654877490431,11.173916545749533,1.0172466717172757,1.126494771294404,0.0919033600762435,16.835141836685303,9990.426483951784,315.01957527878494,8108.202045989476,0.05760945146472899,7227.357280969873,0.016528341649576034
-0.32066158661252364,-8.395405223674482,-7.124217002037427,-4.211355248999401,1.7758524648242342,-6.882761472943655,-4.474730468855668,-9.294681059378064,-6.385186961404938,4.4758206385761525,-3.4256967740065507,-1.1194013180850269,-12.205010162659299,2.5487061301398386,-4.102678695861572,84.10290451819733,0.22585189597011168,0.1609430545969006,14.609654877490431,11.173916545749533,1.0242585884684157,1.126494771294404,0.0919033600762435,16.835141836685303,9887.471881831989,315.01957527878494,2461.2234978420565,0.050052901844735424,9274.865432076846,0.016528341649576034
-0.32066158661252364,-8.395405223674482,-7.124217002037427,-4.211355248999401,1.7758524648242342,-6.882761472943655,-4.474730468855668,-9.294681059378064,-6.385186961404938,4.578869637412668,-3.4256967740065507,-1.1194013180850269,-12.130740090430024,2.5487061301398386,-4.102678695861572,84.10290451819733,0.22585189597011168,0.1609430545969006,14.609654877490431,11.173916545749533,1.0242585884684157,1.126494771294404,0.0919033600762435,16.835141836685303,9898.378352085456,315.01957527878494,2461.2234978420565,0.05391184266806261,9274.865432076846,0.016528341649576034
-0.32066158661252364,-8.395405223674482,-7.124217002037427,-4.211355248999401,1.7754342061800512,-6.882761472943655,-4.461008046452839,-9.294681059378064,-6.385186961404938,6.49582731849652,-3.4256967740065507,-1.1194013180850269,-12.130740090430024,2.5487061301398386,-4.102678695861572,84.10290451819733,0.22585189597011168,0.1609430545969006,14.609654877490431,11.167181679505413,1.0242585884684157,1.1418818259585723,0.0919033600762435,16.835141836685303,9984.925501632117,315.01957527878494,2461.2234978420565,0.05391184266806261,9274.865432076846,0.016528341649576034
-0.32066158661252364,-8.395405223674482,-7.124217002037427,-4.211355248999401,1.7754342061800512,-6.882761472943655,-4.50312251908072,-9.294681059378064,-6.386645994677115,6.346910749885373,-3.4256967740065507,-0.5643213670517068,-12.130740090430024,2.5487061301398386,-4.102875114518553,84.10290451819733,0.22585189597011168,0.1609430545969006,14.609654877490431,11.167181679505413,1.0242585884684157,1.0953064378960966,0.0919033600762435,16.810637976948026,9982.509130468832,315.01957527878494,3625.481695647059,0.05391184266806261,9274.865432076846,0.016525095493720325
-0.32066158661252364,-8.395405223674482,-7.124217002037427,-4.211355248999401,1.7754342061800512,-6.882761472943655,-4.50312251908072,-9.317355985128698,-6.425435677492647,7.235887085072807,-3.4256967740065507,-0.5643213670517068,-12.130740090430024,-0.9180922796561037,-4.100503052517591,84.10290451819733,0.22585189597011168,0.1609430545969006,14.609654877490431,11.167181679505413,1.0242585884684157,1.0953064378960966,0.08984309192172012,16.172078043164674,9992.802503349787,315.01957527878494,3625.481695647059,0.05391184266806261,2853.4676488097493,0.01656434057228142
-0.32066158661252364,-8.395405223674482,-7.124217002037427,-4.213642129537983,1.7754342061800512,-6.882761472943655,-4.50312251908072,-9.317355985128698,-6.425435677492647,7.235887085072807,-3.4256967740065507,-2.904084165310277,-12.130740090430024,-0.9180922796561037,-4.0987719538337135,84.10290451819733,0.22585189597011168,0.1609430545969006,14.576768977126887,11.167181679505413,1.0242585884684157,1.0953064378960966,0.08984309192172012,16.172078043164674,9992.802503349787,315.01957527878494,519.5203709804623,0.05391184266806261,2853.4676488097493,0.01659303991397476
-0.32066158661252364,-8.395405223674482,-7.121578257201396,-4.213642129537983,1.7754342061800512,-6.882761472943655,-4.50312251908072,-9.255018017052375,-6.425435677492647,7.235887085072807,-3.4256967740065507,-1.1182890254100577,-12.130740090430024,1.8516918011248809,-4.0987719538337135,84.10290451819733,0.22585189597011168,0.16136795995807476,14.576768977126887,11.167181679505413,1.0242585884684157,1.0953064378960966,0.09562142586892,16.172078043164674,9992.802503349787,315.01957527878494,2463.287896696751,0.05391184266806261,8643.256174805834,0.01659303991397476
-0.32066158661252364,-8.395405223674482,-7.121578257201396,-4.213642129537983,1.7754342061800512,-6.882761472943655,-4.50312251908072,-9.255018017052375,-6.425435677492647,4.692297334373119,-3.4256967740065507,-1.1182890254100577,-12.130740090430024,1.8516918011248809,-4.0987719538337135,84.10290451819733,0.22585189597011168,0.16136795995807476,14.576768977126887,11.167181679505413,1.0242585884684157,1.0953064378960966,0.09562142586892,16.172078043164674,9909.176398398453,315.01957527878494,2463.287896696751,0.05391184266806261,8643.256174805834,0.01659303991397476
-0.32066158661252364,-8.395405223674482,-7.121578257201396,-4.213642129537983,1.7754342061800512,-6.882761472943655,-4.355162170264291,-9.255018017052375,-6.425435677492647,4.692297334373119,-3.4256967740065507,-1.1182890254100577,-12.22319354713502,0.7185683795111795,-4.100919043068054,84.10290451819733,0.22585189597011168,0.16136795995807476,14.576768977126887,11.167181679505413,1.0242585884684157,1.2677572532849215,0.09562142586892,16.172078043164674,9909.176398398453,315.01957527878494,2463.287896696751,0.04915099982527202,6722.91686609081,0.01655745139614413
-0.32066158661252364,-8.44682998876264,-7.121578257201396,-4.2600773093699775,1.7749945238871594,-6.885777641990562,-4.355162170264291,-9.255018017052375,-6.4418181899379,4.692297334373119,-3.4256967740065507,-0.5094069346375322,-12.22319354713502,0.7185683795111795,-4.100919043068054,84.10290451819733,0.21453352345552879,0.16136795995807476,13.924578756013702,11.160099688885225,1.0211770557259288,1.2677572532849215,0.09562142586892,15.909715233056282,9909.176398398453,315.01957527878494,3753.3256418435285,0.04915099982527202,6722.91686609081,0.01655745139614413
-0.32066158661252364,-8.445525179510533,-7.121578257201396,-4.2600773093699775,1.7749945238871594,-6.885777641990562,-4.383673313161076,-9.356514635050518,-6.4418181899379,4.692297334373119,-3.4256967740065507,-0.5094069346375322,-12.055741860016244,0.041978662823667134,-4.100919043068054,84.10290451819733,0.2148135713148484,0.16136795995807476,13.924578756013702,11.160099688885225,1.0211770557259288,1.232561674284314,0.08639324811450509,15.909715233056282,9909.176398398453,315.01957527878494,3753.3256418435285,0.058110593525718554,5104.931248286797,0.01655745139614413
-0.3233335329024188,-8.445525179510533,-7.121578257201396,-4.2600773093699775,1.7749956080144096,-6.87862848032551,-4.422875980661112,-9.360066524997825,-6.4418181899379,4.692297334373119,-3.4256967740065507,-0.5094069346375322,-12.055741860016244,-0.057171309995466116,-4.100919043068054,83.97271117161006,0.2148135713148484,0.16136795995807476,13.924578756013702,11.160117153711484,1.0284962388253078,1.1857387034224123,0.08608695949534004,15.909715233056282,9909.176398398453,315.01957527878494,3753.3256418435285,0.058110593525718554,4857.110643078682,0.01655745139614413
-0.3233335329024188,-8.445525179510533,-7.121578257201396,-4.254215652196496,1.7749956080144096,-6.87862848032551,-4.509335649593485,-9.360066524997825,-6.4418181899379,8.979633792920431,-3.4833979740300336,-0.5094069346375322,-12.055741860016244,2.6902105238937075,-4.0989975745700935,83.97271117161006,0.2148135713148484,0.16136795995807476,14.005293064139837,11.160117153711484,1.0284962388253078,1.0885961057504452,0.08608695949534004,15.909715233056282,9998.740668986844,297.8831797958804,3753.3256418435285,0.058110593525718554,9364.465120283092,0.016589296602390825
-0.3226225633845364,-8.445525179510533,-7.121578257201396,-4.254215652196496,1.7749956080144096,-6.8690143430790584,-4.396823629024161,-9.362412038639532,-6.41707576846349,8.979633792920431,-3.4833979740300336,-0.5094069346375322,-12.055741860016244,2.6902105238937075,-4.0989975745700935,84.00734847161625,0.2148135713148484,0.16136795995807476,14.005293064139837,11.160117153711484,1.0384217107735552,1.2166551187501768,0.08588529529478976,16.30762044177886,9998.740668986844,297.8831797958804,3753.3256418435285,0.058110593525718554,9364.465120283092,0.016589296602390825
-0.3226225633845364,-8.408121470570745,-7.121578257201396,-4.254215652196496,1.7749956080144096,-6.8690143430790584,-4.552895701035941,-9.362412038639532,-6.41707576846349,6.459602233825808,-3.392599641073807,-0.5094069346375322,-11.917264369950628,-0.511031790561252,-4.0989975745700935,84.00734847161625,0.22299872719507383,0.16136795995807476,14.005293064139837,11.160117153711484,1.0384217107735552,1.042678579588478,0.08588529529478976,16.30762044177886,9984.370284472008,325.2754639413969,3753.3256418435285,0.06674134372517358,3749.5168090275592,0.016589296602390825
-0.3226225633845364,-8.408121470570745,-7.120697105930763,-4.254215652196496,1.7749956080144096,-6.8690143430790584,-4.565737544244773,-9.362412038639532,-6.41707576846349,6.459602233825808,-3.392599641073807,-0.5094069346375322,-11.917264369950628,-1.1173849453676288,-4.0989975745700935,84.00734847161625,0.22299872719507383,0.16151009732883018,14.005293064139837,11.160117153711484,1.0384217107735552,1.0295112428228008,0.08588529529478976,16.30762044177886,9984.370284472008,325.2754639413969,3753.3256418435285,0.06674134372517358,2464.9667144905584,0.016589296602390825
-0.3240911991014099,-8.408121470570745,-7.120697105930763,-4.254215652196496,1.7749956080144096,-6.8690143430790584,-4.565737544244773,-9.3438500499851,-6.41707576846349,6.459602233825808,-3.446864111665652,-2.172925336279347,-11.917264369950628,-1.1173849453676288,-4.0989975745700935,83.9358032280412,0.22299872719507383,0.16151009732883018,14.005293064139837,11.160117153711484,1.0384217107735552,1.0295112428228008,0.08749424413688942,16.30762044177886,9984.370284472008,308.62515982473604,1022.0828691714587,0.06674134372517358,2464.9667144905584,0.016589296602390825
-0.3240911991014099,-8.408121470570745,-7.120697105930763,-4.254215652196496,1.7749956080144096,-6.8690143430790584,-4.565737544244773,-9.3438500499851,-6.41707576846349,6.459602233825808,-3.446864111665652,-1.0316026291292588,-11.917264369950628,0.8040699365224255,-4.0989975745700935,83.9358032280412,0.22299872719507383,0.16151009732883018,14.005293064139837,11.160117153711484,1.0384217107735552,1.0295112428228008,0.08749424413688942,16.30762044177886,9984.370284472008,308.62515982473604,2627.7351907375833,0.06674134372517358,6908.444062009506,0.016589296602390825
-0.32423782820802155,-8.408121470570745,-7.120697105930763,-4.236976970803991,1.7749956080144096,-6.8690143430790584,-4.565737544244773,-9.3438500499851,-6.41707576846349,6.459602233825808,-3.430344412596924,-1.0316026291292588,-11.84104709592014,0.8040699365224255,-4.0989975745700935,83.928661051216,0.22299872719507383,0.16151009732883018,14.245349740080512,11.160117153711484,1.0384217107735552,1.0295112428228008,0.08749424413688942,16.30762044177886,9984.370284472008,313.60468341572135,2627.7351907375833,0.07202702186660277,6908.444062009506,0.016589296602390825
-0.32312883699965056,-8.408121470570745,-7.120697105930763,-4.236976970803991,1.7749956080144096,-6.8718678422596025,-4.456919662302182,-9.3438500499851,-6.41707576846349,6.459602233825808,-3.430344412596924,-1.0316026291292588,-11.830135769819606,0.8040699365224255,-4.0989975745700935,83.98268322502773,0.22299872719507383,0.16151009732883018,14.245349740080512,11.160117153711484,1.0354658627590603,1.1465062000988198,0.08749424413688942,16.30762044177886,9984.370284472008,313.60468341572135,2627.7351907375833,0.07281722973536159,6908.444062009506,0.016589296602390825
-0.32492864039142727,-8.408121470570745,-7.120697105930763,-4.236976970803991,1.7749956080144096,-6.872212578060173,-4.507191461959114,-9.3438500499851,-6.395355923094973,6.459602233825808,-3.430344412596924,-1.0316026291292588,-11.85105730622012,0.8040699365224255,-4.0989975745700935,83.89501445341672,0.22299872719507383,0.16151009732883018,14.245349740080512,11.160117153711484,1.0351093315588193,1.0909072735032743,0.08749424413688942,16.66509727758366,9984.370284472008,313.60468341572135,2627.7351907375833,0.07130961804403704,6908.444062009506,0.016589296602390825
-0.32492864039142727,-8.408121470570745,-7.120697105930763,-4.236976970803991,1.7749956080144096,-6.872212578060173,-4.525979296891899,-9.311671209607793,-6.395355923094973,6.459602233825808,-3.430344412596924,-1.020407525770949,-11.85105730622012,0.8040699365224255,-4.0989975745700935,83.89501445341672,0.22299872719507383,0.16151009732883018,14.245349740080512,11.160117153711484,1.0351093315588193,1.0708202474714201,0.09035523792184796,16.66509727758366,9984.370284472008,313.60468341572135,2649.480270552271,0.07130961804403704,6908.444062009506,0.016589296602390825
-0.32492864039142727,-8.408121470570745,-7.120697105930763,-4.220918595133221,1.7746188198442125,-6.872212578060173,-4.525979296891899,-9.311671209607793,-6.395355923094973,6.459602233825808,-3.4160821692567644,-1.020407525770949,-11.85105730622012,0.8040699365224255,-4.0989975745700935,83.89501445341672,0.22299872719507383,0.16151009732883018,14.472616083347598,11.154046447680436,1.0351093315588193,1.0708202474714201,0.09035523792184796,16.66509727758366,9984.370284472008,317.9662013632302,2649.480270552271,0.07130961804403704,6908.444062009506,0.016589296602390825
-0.32426486063370125,-8.408121470570745,-7.120697105930763,-4.220918595133221,1.7746188198442125,-6.874512527360883,-4.4749553073268435,-9.311671209607793,-6.474930866654495,6.459602233825808,-3.4160821692567644,-0.44577407956983606,-11.85105730622012,-0.7282983733411947,-4.097002161536966,83.92734434353942,0.22299872719507383,0.16151009732883018,14.472616083347598,11.154046447680436,1.03273382402451,1.126244372627484,0.09035523792184796,15.392326205224139,9984.370284472008,317.9662013632302,3903.6598499368374,0.07130961804403704,3255.6824869012707,0.016622432149598458
-0.3239953607741195,-8.408121470570745,-7.120697105930763,-4.220918595133221,1.7748213605880196,-6.874512527360883,-4.439473871349508,-9.311671209607793,-6.496925073276564,6.459602233825808,-3.4160821692567644,-0.44577407956983606,-11.893098514134932,-0.7282983733411947,-4.097002161536966,83.94047152090225,0.22299872719507383,0.16151009732883018,14.472616083347598,11.157309929610115,1.03273382402451,1.1664480428946413,0.09035523792184796,15.057984249233812,9984.370284472008,317.9662013632302,3903.6598499368374,0.06837384027915899,3255.6824869012707,0.016622432149598458
-0.3239953607741195,-8.408121470570745,-7.120697105930763,-4.220918595133221,1.7748213605880196,-6.872717591287683,-4.439473871349508,-9.311671209607793,-6.496925073276564,6.459602233825808,-3.4160821692567644,-0.44577407956983606,-11.893098514134932,-0.7282983733411947,-4.097002161536966,83.94047152090225,0.22299872719507383,0.16151009732883018,14.472616083347598,11.157309929610115,1.0345872603161848,1.1664480428946413,0.09035523792184796,15.057984249233812,9984.370284472008,317.9662013632302,3903.6598499368374,0.06837384027915899,3255.6824869012707,0.016622432149598458
-0.3239953607741195,-8.408121470570745,-7.120697105930763,-4.229187410523449,1.7748213605880196,-6.872717591287683,-4.439473871349508,-9.311671209607793,-6.46875971719375,6.459602233825808,-3.469715262754056,2.142755862851121,-11.893098514134932,1.0717072707122477,-4.097002161536966,83.94047152090225,0.22299872719507383,0.16151009732883018,14.355148919819959,11.157309929610115,1.0345872603161848,1.1664480428946413,0.09035523792184796,15.487460680573879,9984.370284472008,301.863160829051,8949.898967635878,0.06837384027915899,7449.214559042631,0.016622432149598458
-0.3239953607741195,-8.408121470570745,-7.114078869628521,-4.235020714349902,1.7748213605880196,-6.872717591287683,-4.537395136358577,-9.311671209607793,-6.451057890651944,7.669189211214231,-3.4140967834563174,-0.40598825071492683,-11.893098514134932,1.0717072707122477,-4.098629763221582,83.94047152090225,0.22299872719507383,0.16258168248110313,14.272846434607507,11.157309929610115,1.0345872603161848,1.0587941403868064,0.09035523792184796,15.763621921281569,9995.332216781364,318.57798268576045,3998.74452345173,0.06837384027915899,7449.214559042631,0.016595399456225658
-0.3239953607741195,-8.408121470570745,-7.114078869628521,-4.235020714349902,1.7748213605880196,-6.86420014587932,-4.605329382607869,-9.311671209607793,-6.470577075469754,7.669189211214231,-3.4140967834563174,0.27734768141205923,-11.893098514134932,-0.22925813882468304,-4.098629763221582,83.94047152090225,0.22299872719507383,0.16258168248110313,14.272846434607507,11.157309929610115,1.0434277016416587,0.9899429622590381,0.09035523792184796,15.459383449044154,9995.332216781364,318.57798268576045,5688.9585311594,0.06837384027915899,4429.351871465197,0.016595399456225658
-0.321308999887647,-8.408121470570745,-7.114078869628521,-4.236946656130125,1.774252876712681,-6.86420014587932,-4.605329382607869,-9.311671209607793,-6.470577075469754,7.669189211214231,-3.4140967834563174,1.108788890350215,-12.050860472505702,-0.22925813882468304,-4.098629763221582,84.07135354294527,0.22299872719507383,0.16258168248110313,14.24577543772413,11.148148918959714,1.0434277016416587,0.9899429622590381,0.09035523792184796,15.459383449044154,9995.332216781364,318.57798268576045,7519.032542247916,0.05839494564657093,4429.351871465197,0.016595399456225658
-0.321308999887647,-8.408121470570745,-7.114078869628521,-4.252583103534173,1.774252876712681,-6.867192016147428,-4.605329382607869,-9.303795032768974,-6.470577075469754,8.233261530046248,-3.4140967834563174,-2.500594068531014,-12.050860472505702,-0.22925813882468304,-4.098629763221582,84.07135354294527,0.22299872719507383,0.16258168248110313,14.027855060963468,11.148148918959714,1.0403138094796445,0.9899429622590381,0.09106963661611296,15.459383449044154,9997.344021308552,318.57798268576045,758.1654410153535,0.05839494564657093,4429.351871465197,0.016595399456225658
-0.32264939058171394,-8.410157854170865,-7.114078869628521,-4.252583103534173,1.774252876712681,-6.867192016147428,-4.628500660560217,-9.303795032768974,-6.470577075469754,8.233261530046248,-3.4140967834563174,-2.500594068531014,-12.050860472505702,-0.22925813882468304,-4.098629763221582,84.0060414218387,0.2225451792598907,0.16258168248110313,14.027855060963468,11.148148918959714,1.0403138094796445,0.9674878054597343,0.09106963661611296,15.459383449044154,9997.344021308552,318.57798268576045,758.1654410153535,0.05839494564657093,4429.351871465197,0.016595399456225658
-0.32264939058171394,-8.410157854170865,-7.119659171013642,-4.267887054018915,1.774252876712681,-6.867192016147428,-4.520157808866348,-9.303795032768974,-6.470577075469754,8.233261530046248,-3.4140967834563174,-2.500594068531014,-12.050860472505702,-0.22925813882468304,-4.098316878020005,84.0060414218387,0.2225451792598907,0.16167768574041563,13.81775168525497,11.148148918959714,1.0403138094796445,1.0770048611041754,0.09106963661611296,15.459383449044154,9997.344021308552,318.57798268576045,758.1654410153535,0.05839494564657093,4429.351871465197,0.01660059272353565
-0.32264939058171394,-8.410157854170865,-7.119659171013642,-4.23010476447972,1.774252876712681,-6.867192016147428,-4.569737529603558,-9.303795032768974,-6.470577075469754,8.233261530046248,-3.4140967834563174,-2.500594068531014,-12.050860472505702,-0.22925813882468304,-4.098316878020005,84.0060414218387,0.2225451792598907,0.16167768574041563,14.342174987474348,11.148148918959714,1.0403138094796445,1.025443581714034,0.09106963661611296,15.459383449044154,9997.344021308552,318.57798268576045,758.1654410153535,0.05839494564657093,4429.351871465197,0.01660059272353565
-0.32264939058171394,-8.410157854170865,-7.117523895043521,-4.23010476447972,1.774252876712681,-6.867192016147428,-4.782307721985199,-9.303795032768974,-6.470577075469754,8.307996022162515,-3.4140967834563174,-2.2209492154777917,-12.050860472505702,0.9200418967218917,-4.098316878020005,84.0060414218387,0.2225451792598907,0.16202300108510853,14.342174987474348,11.148148918959714,1.0403138094796445,0.8307060374321731,0.09106963661611296,15.459383449044154,9997.535231612597,318.57798268576045,978.8495325974889,0.05839494564657093,7150.506423699469,0.01660059272353565
-0.32264939058171394,-8.410157854170865,-7.117523895043521,-4.23010476447972,1.774252876712681,-6.867192016147428,-4.648017355714078,-9.303795032768974,-6.470577075469754,8.307996022162515,-3.4140967834563174,0.3040877941509348,-12.050860472505702,-0.08041594215907266,-4.098316878020005,84.0060414218387,0.2225451792598907,0.16202300108510853,14.342174987474348,11.148148918959714,1.0403138094796445,0.9489661548572673,0.09106963661611296,15.459383449044154,9997.535231612597,318.57798268576045,5754.41506678942,0.05839494564657093,4799.068413688919,0.01660059272353565
-0.3207288622652924,-8.410157854170865,-7.117523895043521,-4.23010476447972,1.7726775892177413,-6.867192016147428,-4.771711213846568,-9.303795032768974,-6.470577075469754,8.307996022162515,-3.4140967834563174,-1.3149931236544217,-12.050860472505702,-0.08041594215907266,-4.097203499189693,84.09962576181567,0.2225451792598907,0.16202300108510853,14.342174987474348,11.122744132697411,1.0403138094796445,0.8394811352805214,0.09106963661611296,15.459383449044154,9997.535231612597,318.57798268576045,2116.525133472662,0.05839494564657093,4799.068413688919,0.016619085765014762
-0.3207288622652924,-8.410157854170865,-7.117523895043521,-4.23010476447972,1.7726775892177413,-6.867192016147428,-4.771711213846568,-9.303795032768974,-6.432088496803091,3.8989830100747156,-3.4140967834563174,-1.3149931236544217,-12.050860472505702,-0.4398624918604499,-4.100235266474042,84.09962576181567,0.2225451792598907,0.16202300108510853,14.342174987474348,11.122744132697411,1.0403138094796445,0.8394811352805214,0.09106963661611296,16.065017495566682,9801.39907539983,318.57798268576045,2116.525133472662,0.05839494564657093,3917.737351782567,0.016568776865469467
-0.3207288622652924,-8.407014995713437,-7.117523895043521,-4.23010476447972,1.7726775892177413,-6.867192016147428,-4.771711213846568,-9.303795032768974,-6.432088496803091,3.8989830100747156,-3.4140967834563174,-1.3149931236544217,-12.041824886611524,0.1006686421062144,-4.100235266474042,84.09962576181567,0.22324555112281785,0.16202300108510853,14.342174987474348,11.122744132697411,1.0403138094796445,0.8394811352805214,0.09106963661611296,16.065017495566682,9801.39907539983,318.57798268576045,2116.525133472662,0.05892496600091177,5251.459280085586,0.016568776865469467
-0.3207288622652924,-8.407014995713437,-7.117523895043521,-4.212762154411038,1.7726775892177413,-6.867192016147428,-4.771711213846568,-9.303795032768974,-6.432088496803091,3.8989830100747156,-3.4140967834563174,-1.3149931236544217,-12.041824886611524,0.1006686421062144,-4.100235266474042,84.09962576181567,0.22324555112281785,0.16202300108510853,14.589414593102479,11.122744132697411,1.0403138094796445,0.8394811352805214,0.09106963661611296,16.065017495566682,9801.39907539983,318.57798268576045,2116.525133472662,0.05892496600091177,5251.459280085586,0.016568776865469467
-0.3207288622652924,-8.407014995713437,-7.117523895043521,-4.212762154411038,1.7726775892177413,-6.867192016147428,-4.771711213846568,-9.281317925460613,-6.432088496803091,3.8989830100747156,-3.4140967834563174,-1.3149931236544217,-12.041824886611524,0.1006686421062144,-4.100235266474042,84.09962576181567,0.22324555112281785,0.16202300108510853,14.589414593102479,11.122744132697411,1.0403138094796445,0.8394811352805214,0.09313960424967171,16.065017495566682,9801.39907539983,318.57798268576045,2116.525133472662,0.05892496600091177,5251.459280085586,0.016568776865469467
-0.3207288622652924,-8.407014995713437,-7.117523895043521,-4.212762154411038,1.7726775892177413,-6.867192016147428,-4.771711213846568,-9.307860013879127,-6.432088496803091,3.8989830100747156,-3.4140967834563174,-0.6223398187681172,-12.041824886611524,-0.552632418142456,-4.0986612173010455,84.09962576181567,0.22324555112281785,0.16202300108510853,14.589414593102479,11.122744132697411,1.0403138094796445,0.8394811352805214,0.09070022517440036,16.065017495566682,9801.39907539983,318.57798268576045,3492.494833984456,0.05892496600091177,3652.5388378958282,0.01659487747142175
-0.3207288622652924,-8.407014995713437,-7.117523895043521,-4.212762154411038,1.7726775892177413,-6.867192016147428,-4.771711213846568,-9.307860013879127,-6.432088496803091,3.8989830100747156,-3.4635096785472363,-1.2374419865367046,-12.041824886611524,1.4000095805803856,-4.0986612173010455,84.09962576181567,0.22324555112281785,0.16202300108510853,14.589414593102479,11.122744132697411,1.0403138094796445,0.8394811352805214,0.09070022517440036,16.065017495566682,9801.39907539983,303.68515808879414,2248.8155883894315,0.05892496600091177,8021.854088475968,0.01659487747142175
-0.3207288622652924,-8.407224189700347,-7.117523895043521,-4.212762154411038,1.7726775892177413,-6.867192016147428,-4.861109523395085,-9.280145389095486,-6.432088496803091,8.859154366258373,-3.4635096785472363,2.058200153236582,-12.041824886611524,1.4000095805803856,-4.0986612173010455,84.09962576181567,0.22319886480308762,0.16202300108510853,14.589414593102479,11.122744132697411,1.0403138094796445,0.7682412926198345,0.09324886768417581,16.065017495566682,9998.579450255576,303.68515808879414,8867.735799210945,0.05892496600091177,8021.854088475968,0.01659487747142175
-0.3207288622652924,-8.407224189700347,-7.117523895043521,-4.212762154411038,1.7726775892177413,-6.867192016147428,-4.785180803034776,-9.280145389095486,-6.432088496803091,8.859154366258373,-3.4635096785472363,2.8290089181832454,-12.041824886611524,-0.022371244592809925,-4.0986612173010455,84.09962576181567,0.22319886480308762,0.16202300108510853,14.589414593102479,11.122744132697411,1.0403138094796445,0.828342518507846,0.09324886768417581,16.065017495566682,9998.579450255576,303.68515808879414,9442.23429181348,0.05892496600091177,4944.074220941786,0.01659487747142175
-0.3207288622652924,-8.407224189700347,-7.117523895043521,-4.212762154411038,1.7726775892177413,-6.858117784536822,-4.785180803034776,-9.280145389095486,-6.432088496803091,8.859154366258373,-3.4635096785472363,1.5407325738315427,-12.041824886611524,-0.022371244592809925,-4.0986612173010455,84.09962576181567,0.22319886480308762,0.16202300108510853,14.589414593102479,11.122744132697411,1.0497868632354643,0.828342518507846,0.09324886768417581,16.065017495566682,9998.579450255576,303.68515808879414,8235.711946635167,0.05892496600091177,4944.074220941786,0.01659487747142175
-0.3207288622652924,-8.407224189700347,-7.115155533256823,-4.212762154411038,1.7726775892177413,-6.858117784536822,-4.785180803034776,-9.280145389095486,-6.432088496803091,8.859154366258373,-3.4635096785472363,1.5407325738315427,-12.124847993602907,-0.022371244592809925,-4.101590773708751,84.09962576181567,0.22319886480308762,0.16240687296255163,14.589414593102479,11.122744132697411,1.0497868632354643,0.828342518507846,0.09324886768417581,16.065017495566682,9998.579450255576,303.68515808879414,8235.711946635167,0.054230432401619,4944.074220941786,0.016546332983416814
-0.3207288622652924,-8.407224189700347,-7.115155533256823,-4.212762154411038,1.7726775892177413,-6.858117784536822,-4.785180803034776,-9.280145389095486,-6.432088496803091,8.859154366258373,-3.4635096785472363,1.5407325738315427,-12.124847993602907,-0.022371244592809925,-4.101590773708751,84.09962576181567,0.22319886480308762,0.16240687296255163,14.589414593102479,11.122744132697411,1.0497868632354643,0.828342518507846,0.09324886768417581,16.065017495566682,9998.579450255576,303.68515808879414,8235.711946635167,0.054230432401619,4944.074220941786,0.016546332983416814
-0.3207288622652924,-8.407224189700347,-7.115155533256823,-4.212762154411038,1.7729910022173418,-6.858117784536822,-4.871433922687746,-9.280145389095486,-6.432088496803091,8.859154366258373,-3.4635096785472363,-2.932263378492574,-12.124847993602907,0.7366040859245557,-4.101590773708751,84.09962576181567,0.22319886480308762,0.16240687296255163,14.589414593102479,11.127800832605633,1.0497868632354643,0.7604104695369763,0.09324886768417581,16.065017495566682,9998.579450255576,303.68515808879414,505.8152000799193,0.054230432401619,6762.528174315007,0.016546332983416814
-0.3207288622652924,-8.449968182128188,-7.115155533256823,-4.212762154411038,1.7729910022173418,-6.863120769123455,-4.8271098174189495,-9.343046554219086,-6.432088496803091,8.859154366258373,-3.4635096785472363,-2.932263378492574,-12.124847993602907,0.7366040859245557,-4.099675715173082,84.09962576181567,0.21386147481810477,0.16240687296255163,14.589414593102479,11.127800832605633,1.0445533842278265,0.7945992641162029,0.08756456748417754,16.065017495566682,9998.579450255576,303.68515808879414,505.8152000799193,0.054230432401619,6762.528174315007,0.016578050540426326
-0.3207288622652924,-8.449968182128188,-7.108780483412498,-4.212762154411038,1.7729910022173418,-6.863120769123455,-4.8271098174189495,-9.343046554219086,-6.432088496803091,8.859154366258373,-3.4635096785472363,-2.435513416848618,-12.124847993602907,0.7366040859245557,-4.100569555523856,84.09962576181567,0.21386147481810477,0.1634446832903838,14.589414593102479,11.127800832605633,1.0445533842278265,0.7945992641162029,0.08756456748417754,16.065017495566682,9998.579450255576,303.68515808879414,805.0440004878589,0.054230432401619,6762.528174315007,0.016563239030464885
-0.3227439348002425,-8.449968182128188,-7.108780483412498,-4.212762154411038,1.7729910022173418,-6.865013707460102,-4.692748668119127,-9.334995136045487,-6.432088496803091,8.859154366258373,-3.4635096785472363,-2.435513416848618,-11.877082291286113,0.7366040859245557,-4.096464073647466,84.00143517097004,0.21386147481810477,0.1634446832903838,14.589414593102479,11.127800832605633,1.0425800388495476,0.9078299114576052,0.08827236978301299,16.065017495566682,9998.579450255576,303.68515808879414,805.0440004878589,0.06947773988718221,6762.528174315007,0.016631378885881544
-0.3227439348002425,-8.449968182128188,-7.108780483412498,-4.212762154411038,1.772478924274299,-6.865013707460102,-4.692748668119127,-9.334995136045487,-6.432088496803091,7.693525663666252,-3.4635096785472363,-2.435513416848618,-11.877082291286113,0.7366040859245557,-4.096880294424673,84.00143517097004,0.21386147481810477,0.1634446832903838,14.589414593102479,11.11953823015228,1.0425800388495476,0.9078299114576052,0.08827236978301299,16.065017495566682,9995.444391807778,303.68515808879414,805.0440004878589,0.06947773988718221,6762.528174315007,0.016624458000843632
-0.3227439348002425,-8.449968182128188,-7.108780483412498,-4.212762154411038,1.772478924274299,-6.865013707460102,-4.692748668119127,-9.334995136045487,-6.432088496803091,7.693525663666252,-3.5366748911865242,-2.435513416848618,-11.877082291286113,1.8359000256940492,-4.101942221882242,84.00143517097004,0.21386147481810477,0.1634446832903838,14.589414593102479,11.11953823015228,1.0425800388495476,0.9078299114576052,0.08827236978301299,16.065017495566682,9995.444391807778,282.86540067136406,805.0440004878589,0.06947773988718221,8624.630887372608,0.016540518826659058
-0.3233729845582766,-8.449968182128188,-7.108780483412498,-4.212762154411038,1.7717439257519514,-6.865013707460102,-4.571908652767498,-9.334995136045487,-6.432088496803091,5.85406022079029,-3.5366748911865242,-2.8424439669905883,-11.877082291286113,4.264034596533071,-4.101942221882242,83.97078926541425,0.21386147481810477,0.1634446832903838,14.589414593102479,11.107673458289085,1.0425800388495476,1.0232423888988642,0.08827236978301299,16.065017495566682,9971.399733760072,282.86540067136406,550.7321497385432,0.06947773988718221,9861.296531189777,0.016540518826659058
-0.3233729845582766,-8.449968182128188,-7.108780483412498,-4.205735229063723,1.7717439257519514,-6.865013707460102,-4.571908652767498,-9.334995136045487,-6.432088496803091,5.85406022079029,-3.5908149236691354,-4.317921075497834,-11.877082291286113,4.264034596533071,-4.10108273372609,83.97078926541425,0.21386147481810477,0.1634446832903838,14.69078297685844,11.107673458289085,1.0425800388495476,1.0232423888988642,0.08827236978301299,16.065017495566682,9971.399733760072,268.35828301668664,131.52274012562862,0.06947773988718221,9861.296531189777,0.016554741317843007
-0.32463795198214285,-8.449968182128188,-7.108780483412498,-4.205735229063723,1.7717439257519514,-6.865013707460102,-4.571908652767498,-9.334995136045487,-6.48163745220465,5.85406022079029,-3.5908149236691354,1.2540068995102622,-11.877082291286113,4.264034596533071,-4.10108273372609,83.90917222510488,0.21386147481810477,0.1634446832903838,14.69078297685844,11.107673458289085,1.0425800388495476,1.0232423888988642,0.08827236978301299,15.289598946784842,9971.399733760072,268.35828301668664,7779.927039075914,0.06947773988718221,9861.296531189777,0.016554741317843007
-0.32463795198214285,-8.449968182128188,-7.108780483412498,-4.205735229063723,1.7709889725807673,-6.851233654181936,-4.571908652767498,-9.334995136045487,-6.48163745220465,5.019595854167256,-3.5751050401589977,-0.8573706325370649,-11.877082291286113,4.264034596533071,-4.097166203421959,83.90917222510488,0.21386147481810477,0.1634446832903838,14.69078297685844,11.095480125096937,1.0570310000034862,1.0232423888988642,0.08827236978301299,15.289598946784842,9934.361720598976,272.49166369294227,2978.8898844491164,0.06947773988718221,9861.296531189777,0.016619705598135904
-0.32463795198214285,-8.449968182128188,-7.108780483412498,-4.205735229063723,1.7708014147062974,-6.851233654181936,-4.571908652767498,-9.334995136045487,-6.48163745220465,5.470968221775071,-3.5751050401589977,-0.8573706325370649,-11.877082291286113,3.822564278531502,-4.097166203421959,83.90917222510488,0.21386147481810477,0.1634446832903838,14.69078297685844,11.09244984429535,1.0570310000034862,1.0232423888988642,0.08827236978301299,15.289598946784842,9958.104692877074,272.49166369294227,2978.8898844491164,0.06947773988718221,9785.964860980665,0.016619705598135904
-0.32463795198214285,-8.449968182128188,-7.108780483412498,-4.205735229063723,1.7708014147062974,-6.851233654181936,-4.543426844294093,-9.334995136045487,-6.48163745220465,5.465349195316976,-3.6186039199571347,-0.7063834552533856,-11.877082291286113,1.051545850493648,-4.098167679315657,83.90917222510488,0.21386147481810477,0.1634446832903838,14.69078297685844,11.09244984429535,1.0570310000034862,1.0524940384724968,0.08827236978301299,15.289598946784842,9957.869613994122,261.1956421429606,3303.9845627898785,0.06947773988718221,7410.716344027882,0.016603069695237293
-0.32463795198214285,-8.449968182128188,-7.106092857311759,-4.205735229063723,1.7708014147062974,-6.851233654181936,-4.543628198023482,-9.334995136045487,-6.48163745220465,5.465349195316976,-3.6186039199571347,-0.7063834552533856,-11.877082291286113,1.051545850493648,-4.098167679315657,83.90917222510488,0.21386147481810477,0.16388419188628772,14.69078297685844,11.09244984429535,1.0570310000034862,1.052284366021472,0.08827236978301299,15.289598946784842,9957.869613994122,261.1956421429606,3303.9845627898785,0.06947773988718221,7410.716344027882,0.016603069695237293
-0.3226610423184997,-8.449968182128188,-7.106092857311759,-4.205735229063723,1.7708014147062974,-6.851233654181936,-4.543628198023482,-9.347896528828443,-6.48163745220465,5.465349195316976,-3.6186039199571347,1.4640497602626972,-11.88696899192666,1.051545850493648,-4.098167679315657,84.00547373849072,0.21386147481810477,0.16388419188628772,14.69078297685844,11.09244984429535,1.0570310000034862,1.052284366021472,0.08714094666821061,15.289598946784842,9957.869613994122,261.1956421429606,8121.512937434277,0.06879422342618875,7410.716344027882,0.016603069695237293
-0.3226610423184997,-8.430963567391464,-7.114749011690299,-4.205735229063723,1.7708014147062974,-6.851233654181936,-4.441483536493783,-9.347896528828443,-6.48163745220465,5.243491531896294,-3.6186039199571347,-2.3176165887241194,-11.873485662192426,1.051545850493648,-4.098167679315657,84.00547373849072,0.21796380197447357,0.16247285463571068,14.69078297685844,11.09244984429535,1.0570310000034862,1.1641334887063637,0.08714094666821061,15.289598946784842,9947.459675699676,261.1956421429606,896.7443399363309,0.06972807371452838,7410.716344027882,0.016603069695237293
-0.3226610423184997,-8.430963567391464,-7.114749011690299,-4.205735229063723,1.7708014147062974,-6.851233654181936,-4.4164658880729,-9.347896528828443,-6.48163745220465,5.756915106328468,-3.6186039199571347,-2.3176165887241194,-11.873485662192426,1.051545850493648,-4.098167679315657,84.00547373849072,0.21796380197447357,0.16247285463571068,14.69078297685844,11.09244984429535,1.0570310000034862,1.1932728226738771,0.08714094666821061,15.289598946784842,9968.491120242415,261.1956421429606,896.7443399363309,0.06972807371452838,7410.716344027882,0.016603069695237293
-0.3226610423184997,-8.430963567391464,-7.114749011690299,-4.205735229063723,1.7708014147062974,-6.851233654181936,-4.415431843710089,-9.347896528828443,-6.48163745220465,5.756915106328468,-3.6176775341761553,-1.6484573148531676,-11.873485662192426,0.24386609881673826,-4.096472284739629,84.00547373849072,0.21796380197447357,0.16247285463571068,14.69078297685844,11.09244984429535,1.0570310000034862,1.1944926114497016,0.08714094666821061,15.289598946784842,9968.491120242415,261.4313934520828,1613.175568989937,0.06972807371452838,5606.6616746216605,0.01663124232465738
-0.3226610423184997,-8.430963567391464,-7.114749011690299,-4.205735229063723,1.7708014147062974,-6.8577620265872365,-4.59650442810444,-9.347896528828443,-6.48163745220465,5.756915106328468,-3.6176775341761553,-1.6484573148531676,-11.910075453408957,0.24386609881673826,-4.096472284739629,84.00547373849072,0.21796380197447357,0.16247285463571068,14.69078297685844,11.09244984429535,1.0501600074247197,0.9986301973619728,0.08714094666821061,15.289598946784842,9968.491120242415,261.4313934520828,1613.175568989937,0.06722286719198109,5606.6616746216605,0.01663124232465738
-0.3226610423184997,-8.430963567391464,-7.114749011690299,-4.205735229063723,1.7708014147062974,-6.8577620265872365,-4.59650442810444,-9.347896528828443,-6.48163745220465,6.987811139412413,-3.6176775341761553,-1.6484573148531676,-11.910075453408957,-0.5454774970637601,-4.096472284739629,84.00547373849072,0.21796380197447357,0.16247285463571068,14.69078297685844,11.09244984429535,1.0501600074247197,0.9986301973619728,0.08714094666821061,15.289598946784842,9990.777864806709,261.4313934520828,1613.175568989937,0.06722286719198109,3669.142993409765,0.01663124232465738
-0.3226610423184997,-8.430963567391464,-7.114749011690299,-4.205735229063723,1.7708014147062974,-6.8577620265872365,-4.59650442810444,-9.347896528828443,-6.48163745220465,4.200921508959495,-3.6176775341761553,-1.6484573148531676,-11.986939193514207,-0.5454774970637601,-4.096472284739629,84.00547373849072,0.21796380197447357,0.16247285463571068,14.69078297685844,11.09244984429535,1.0501600074247197,0.9986301973619728,0.08714094666821061,15.289598946784842,9852.3937557381,261.4313934520828,1613.175568989937,0.06224948314858814,3669.142993409765,0.01663124232465738
-0.3216018002131435,-8.430963567391464,-7.114749011690299,-4.241151886707889,1.7708014147062974,-6.8577620265872365,-4.4340805872772275,-9.324269627560197,-6.48163745220465,4.200921508959495,-3.6176775341761553,-1.677985108863398,-12.058780367529142,1.1422654912006478,-4.096472284739629,84.05708530859725,0.21796380197447357,0.16247285463571068,14.186842555197213,11.09244984429535,1.0501600074247197,1.1726820510634706,0.08922414637965388,15.289598946784842,9852.3937557381,261.4313934520828,1573.6245805904334,0.0579342930544493,7580.953430612332,0.01663124232465738
-0.3217675507544262,-8.430963567391464,-7.114749011690299,-4.241151886707889,1.7708014147062974,-6.8577620265872365,-4.4340805872772275,-9.324269627560197,-6.48163745220465,4.200921508959495,-3.6176775341761553,-1.1528640741345917,-12.076507423209211,-0.30173199869481704,-4.096472284739629,84.04900853775402,0.21796380197447357,0.16247285463571068,14.186842555197213,11.09244984429535,1.0501600074247197,1.1726820510634706,0.08922414637965388,15.289598946784842,9852.3937557381,261.4313934520828,2399.6633710607844,0.056916343740387385,4251.341364013251,0.01663124232465738
-0.3217675507544262,-8.430963567391464,-7.1178493533716605,-4.241151886707889,1.7708014147062974,-6.866905648563574,-4.472560466922152,-9.312184000935169,-6.492197672451122,4.200921508959495,-3.6176775341761553,-1.1528640741345917,-12.076507423209211,-0.30173199869481704,-4.096472284739629,84.04900853775402,0.21796380197447357,0.16197032062804717,14.186842555197213,11.09244984429535,1.0406114542367875,1.128914295099545,0.09030892060035177,15.129229949593602,9852.3937557381,261.4313934520828,2399.6633710607844,0.056916343740387385,4251.341364013251,0.01663124232465738
-0.32158115858715675,-8.430963567391464,-7.1358354540232085,-4.241151886707889,1.7694209354012993,-6.866905648563574,-4.489371210881651,-9.312184000935169,-6.492197672451122,4.200921508959495,-3.6176775341761553,-1.1528640741345917,-12.076507423209211,-0.30173199869481704,-4.098573323682865,84.05809115846739,0.21796380197447357,0.15908544499154295,14.186842555197213,11.07013371311208,1.0406114542367875,1.1103039830595962,0.09030892060035177,15.129229949593602,9852.3937557381,261.4313934520828,2399.6633710607844,0.056916343740387385,4251.341364013251,0.01659633611934795
-0.32158115858715675,-8.430963567391464,-7.1358354540232085,-4.241151886707889,1.7694209354012993,-6.866905648563574,-4.489371210881651,-9.312184000935169,-6.492197672451122,4.200921508959495,-3.6176775341761553,-1.1528640741345917,-12.076507423209211,-0.30173199869481704,-4.098573323682865,84.05809115846739,0.21796380197447357,0.15908544499154295,14.186842555197213,11.07013371311208,1.0406114542367875,1.1103039830595962,0.09030892060035177,15.129229949593602,9852.3937557381,261.4313934520828,2399.6633710607844,0.056916343740387385,4251.341364013251,0.01659633611934795
-0.3191238497709472,-8.430963567391464,-7.1358354540232085,-4.241151886707889,1.7694209354012993,-6.854008978704222,-4.567861910009256,-9.312184000935169,-6.492197672451122,4.253979334012091,-3.520682644938508,1.2153546063970084,-12.076507423209211,-0.10553293376100065,-4.100080644544447,84.17785744066899,0.21796380197447357,0.15908544499154295,14.186842555197213,11.07013371311208,1.054104551074879,1.0273489506692166,0.09030892060035177,15.129229949593602,9859.91443209004,287.29441231563345,7712.450134120645,0.056916343740387385,4736.412255987835,0.0165713389597923
-0.3191238497709472,-8.430963567391464,-7.126226109220278,-4.241151886707889,1.7694209354012993,-6.854008978704222,-4.567861910009256,-9.312184000935169,-6.492197672451122,7.1456570720330035,-3.520682644938508,-0.3111339774245141,-12.076507423209211,-0.10553293376100065,-4.100080644544447,84.17785744066899,0.21796380197447357,0.1606202867803526,14.186842555197213,11.07013371311208,1.054104551074879,1.0273489506692166,0.09030892060035177,15.129229949593602,9992.123407942026,287.29441231563345,4228.3797200166155,0.056916343740387385,4736.412255987835,0.0165713389597923
-0.3191238497709472,-8.43366109853617,-7.126226109220278,-4.22888405062176,1.7694209354012993,-6.854008978704222,-4.561258514846379,-9.312184000935169,-6.492197672451122,5.285900026451038,-3.520682644938508,-0.3111339774245141,-11.86817774470922,-0.13800395428784895,-4.096974380950606,84.17785744066899,0.21737675778094323,0.1606202867803526,14.359441815337552,11.07013371311208,1.054104551074879,1.034085005464806,0.09030892060035177,15.129229949593602,9949.630257731216,287.29441231563345,4228.3797200166155,0.07009916597390546,4655.5366355165415,0.016622893936924638
-0.3191238497709472,-8.43366109853617,-7.126226109220278,-4.22888405062176,1.7694209354012993,-6.854008978704222,-4.6676003110603945,-9.312184000935169,-6.492197672451122,5.285900026451038,-3.520682644938508,-0.1467975207101891,-11.86817774470922,-0.13800395428784895,-4.09602056948524,84.17785744066899,0.21737675778094323,0.1606202867803526,14.359441815337552,11.07013371311208,1.054104551074879,0.930734652650796,0.09030892060035177,15.129229949593602,9949.630257731216,287.29441231563345,4633.663825885941,0.07009916597390546,4655.5366355165415,0.0166387566075452
-0.3191238497709472,-8.43366109853617,-7.120450146708135,-4.245770584621511,1.7694209354012993,-6.854008978704222,-4.6676003110603945,-9.312184000935169,-6.492197672451122,5.285900026451038,-3.520682644938508,-0.1467975207101891,-11.86817774470922,-0.13800395428784895,-4.09602056948524,84.17785744066899,0.21737675778094323,0.1615499564402605,14.12239213424668,11.07013371311208,1.054104551074879,0.930734652650796,0.09030892060035177,15.129229949593602,9949.630257731216,287.29441231563345,4633.663825885941,0.07009916597390546,4655.5366355165415,0.0166387566075452
-0.3191238497709472,-8.428407834119454,-7.120450146708135,-4.245770584621511,1.7694209354012993,-6.854008978704222,-4.598452727981597,-9.312184000935169,-6.457870355997035,5.285900026451038,-3.520682644938508,0.9462742957416932,-11.86817774470922,-0.7806256191522392,-4.09602056948524,84.17785744066899,0.218521449882416,0.1615499564402605,14.12239213424668,11.07013371311208,1.054104551074879,0.996705833717159,0.09030892060035177,15.656765321573289,9949.630257731216,287.29441231563345,7203.652919040189,0.07009916597390546,3141.850664764273,0.0166387566075452
-0.3191238497709472,-8.428407834119454,-7.120450146708135,-4.223268563788911,1.7694209354012993,-6.837329564237936,-4.598452727981597,-9.312184000935169,-6.457870355997035,4.670658400778406,-3.520682644938508,0.22735387210476254,-11.86817774470922,-0.7806256191522392,-4.09602056948524,84.17785744066899,0.218521449882416,0.1615499564402605,14.43913632061945,11.07013371311208,1.0718148413387505,0.996705833717159,0.09030892060035177,15.656765321573289,9907.208089903796,287.29441231563345,5565.948962918177,0.07009916597390546,3141.850664764273,0.0166387566075452
-0.3187687041059143,-8.429540367194344,-7.119488274499977,-4.223268563788911,1.7694209354012993,-6.837329564237936,-4.702557837711256,-9.347792353296931,-6.457870355997035,4.670658400778406,-3.520682644938508,0.22735387210476254,-11.86817774470922,-0.7480105739185201,-4.09602056948524,84.19517067399279,0.21827416118968884,0.16170529591270977,14.43913632061945,11.07013371311208,1.0718148413387505,0.8990480564105792,0.08715002430432782,15.656765321573289,9907.208089903796,287.29441231563345,5565.948962918177,0.07009916597390546,3212.5494124186575,0.0166387566075452
-0.3189020172640889,-8.429540367194344,-7.119110297363526,-4.223268563788911,1.7694209354012993,-6.855754502067392,-4.847926068559858,-9.347792353296931,-6.483101185796795,4.670658400778406,-3.520682644938508,0.4274255049582991,-11.975982071161864,-1.1962657995922248,-4.09602056948524,84.18867158778329,0.21827416118968884,0.16176637892413437,14.43913632061945,11.07013371311208,1.052268126316788,0.7783570683443223,0.08715002430432782,15.267269561314537,9907.208089903796,287.29441231563345,6052.587355144577,0.06293530451190613,2321.401759928331,0.0166387566075452
-0.3189020172640889,-8.429540367194344,-7.119110297363526,-4.223268563788911,1.7694209354012993,-6.855754502067392,-4.847926068559858,-9.347792353296931,-6.483101185796795,4.670658400778406,-3.520682644938508,-2.695498334158404,-11.975982071161864,-0.20799760551074797,-4.09602056948524,84.18867158778329,0.21827416118968884,0.16176637892413437,14.43913632061945,11.07013371311208,1.052268126316788,0.7783570683443223,0.08715002430432782,15.267269561314537,9907.208089903796,287.29441231563345,632.3951223300297,0.06293530451190613,4481.872619609197,0.0166387566075452
-0.3198731517625598,-8.429540367194344,-7.1279915531118165,-4.223268563788911,1.768680971502062,-6.855754502067392,-4.97135739240451,-9.347792353296931,-6.483101185796795,4.670658400778406,-3.520682644938508,-2.695498334158404,-11.920229743118618,0.579307721638642,-4.09602056948524,84.14133240995541,0.21827416118968884,0.16033719796940538,14.43913632061945,11.058162837939028,1.052268126316788,0.6885984296991834,0.08715002430432782,15.267269561314537,9907.208089903796,287.29441231563345,632.3951223300297,0.0665437252034252,6409.080975415564,0.0166387566075452
-0.32140160316042365,-8.429540367194344,-7.1279915531118165,-4.263117679116106,1.768680971502062,-6.855754502067392,-4.97135739240451,-9.34023612820046,-6.483101185796795,4.670658400778406,-3.509512532194323,-2.1230663588799095,-11.920229743118618,-2.625341178070954,-4.09602056948524,84.06684088992655,0.21827416118968884,0.16033719796940538,13.882894033001223,11.058162837939028,1.052268126316788,0.6885984296991834,0.087810985721129,15.267269561314537,9907.208089903796,290.4277892988224,1068.750250608601,0.0665437252034252,675.2520550400151,0.0166387566075452
-0.32140160316042365,-8.429540367194344,-7.1279915531118165,-4.263117679116106,1.768680971502062,-6.838116948069907,-4.951585629926306,-9.34023612820046,-6.483101185796795,6.262957694597532,-3.509512532194323,-2.1230663588799095,-11.920229743118618,-2.625341178070954,-4.09721639281494,84.06684088992655,0.21827416118968884,0.16033719796940538,13.882894033001223,11.058162837939028,1.0709721472923626,0.7022521583821446,0.087810985721129,15.267269561314537,9980.980231427307,290.4277892988224,1068.750250608601,0.0665437252034252,675.2520550400151,0.01661887148613237
-0.32140160316042365,-8.429540367194344,-7.1279915531118165,-4.263117679116106,1.7687210541578322,-6.823970114171954,-4.813105114033245,-9.34023612820046,-6.483101185796795,6.262957694597532,-3.509512532194323,-2.1230663588799095,-11.920229743118618,-2.625341178070954,-4.09721639281494,84.06684088992655,0.21827416118968884,0.16033719796940538,13.882894033001223,11.058811441834953,1.0862141138699388,0.8057153874090333,0.087810985721129,15.267269561314537,9980.980231427307,290.4277892988224,1068.750250608601,0.0665437252034252,675.2520550400151,0.01661887148613237
-0.32140160316042365,-8.429540367194344,-7.1279915531118165,-4.263117679116106,1.7687210541578322,-6.823970114171954,-4.813105114033245,-9.34023612820046,-6.483101185796795,5.493867756343862,-3.509512532194323,-2.1230663588799095,-11.920229743118618,-2.625341178070954,-4.09721639281494,84.06684088992655,0.21827416118968884,0.16033719796940538,13.882894033001223,11.058811441834953,1.0862141138699388,0.8057153874090333,0.087810985721129,15.267269561314537,9959.049290468944,290.4277892988224,1068.750250608601,0.0665437252034252,675.2520550400151,0.01661887148613237
-0.32140160316042365,-8.428966525984936,-7.1279915531118165,-4.263117679116106,1.76866194255718,-6.823970114171954,-4.813105114033245,-9.34023612820046,-6.483101185796795,5.493867756343862,-3.509512532194323,-2.1230663588799095,-11.920229743118618,-2.625341178070954,-4.09721639281494,84.06684088992655,0.21839942447995364,0.16033719796940538,13.882894033001223,11.057854911579518,1.0862141138699388,0.8057153874090333,0.087810985721129,15.267269561314537,9959.049290468944,290.4277892988224,1068.750250608601,0.0665437252034252,675.2520550400151,0.01661887148613237
-0.32153174413149055,-8.428966525984936,-7.1279915531118165,-4.277937779166101,1.7674046081566908,-6.823970114171954,-4.791506496769815,-9.34023612820046,-6.483101185796795,6.245003734169101,-3.509512532194323,-3.057977990976701,-11.920229743118618,-3.7768940727435436,-4.09721639281494,84.06049909868447,0.21839942447995364,0.16033719796940538,13.681459385975337,11.037499526017069,1.0862141138699388,0.8231622116111081,0.087810985721129,15.267269561314537,9980.636334568202,290.4277892988224,448.7428783094116,0.0665437252034252,223.81296831585678,0.01661887148613237
-0.3196002007666633,-8.428966525984936,-7.1279915531118165,-4.277937779166101,1.7674046081566908,-6.823970114171954,-4.914199847969996,-9.34023612820046,-6.483101185796795,6.245003734169101,-3.509512532194323,-2.316021287077331,-11.920229743118618,-3.7768940727435436,-4.09721639281494,84.15463701537782,0.21839942447995364,0.16033719796940538,13.681459385975337,11.037499526017069,1.0862141138699388,0.7288083808223039,0.087810985721129,15.267269561314537,9980.636334568202,290.4277892988224,898.0474841638352,0.0665437252034252,223.81296831585678,0.01661887148613237
-0.3196002007666633,-8.428966525984936,-7.1279915531118165,-4.277937779166101,1.7674046081566908,-6.823970114171954,-4.914199847969996,-9.34023612820046,-6.483101185796795,6.245003734169101,-3.509512532194323,-2.316021287077331,-11.920229743118618,-1.8823926319592499,-4.09721639281494,84.15463701537782,0.21839942447995364,0.16033719796940538,13.681459385975337,11.037499526017069,1.0862141138699388,0.7288083808223039,0.087810985721129,15.267269561314537,9980.636334568202,290.4277892988224,898.0474841638352,0.0665437252034252,1321.1429254804796,0.01661887148613237
-0.3196002007666633,-8.428966525984936,-7.1279915531118165,-4.277937779166101,1.7674046081566908,-6.823970114171954,-4.96873884552283,-9.34023612820046,-6.520440876705959,6.245003734169101,-3.509512532194323,-2.316021287077331,-11.920229743118618,-2.4447380374930665,-4.09721639281494,84.15463701537782,0.21839942447995364,0.16033719796940538,13.681459385975337,11.037499526017069,1.0862141138699388,0.690391454869105,0.087810985721129,14.708529440478014,9980.636334568202,290.4277892988224,898.0474841638352,0.0665437252034252,798.2419887060371,0.01661887148613237
-0.31764064755589455,-8.428966525984936,-7.1279915531118165,-4.277937779166101,1.7674046081566908,-6.823970114171954,-4.913424721913872,-9.34023612820046,-6.511340354118361,6.245003734169101,-3.4827406529425877,-5.453480999566332,-11.920229743118618,-2.4447380374930665,-4.09721639281494,84.25016949739829,0.21839942447995364,0.16033719796940538,13.681459385975337,11.037499526017069,1.0862141138699388,0.7293693962472745,0.087810985721129,14.842796087854287,9980.636334568202,298.07321072098773,42.631232254512206,0.0665437252034252,798.2419887060371,0.01661887148613237
-0.31835634167729404,-8.464940953931334,-7.1279915531118165,-4.277937779166101,1.7674046081566908,-6.832558444211855,-5.018828190247251,-9.34023612820046,-6.468862819696798,7.119282527942016,-3.4827406529425877,-5.453480999566332,-11.920229743118618,2.995509444780202,-4.09721639281494,84.21527442477375,0.2106838983160427,0.16033719796940538,13.681459385975337,11.037499526017069,1.0769352968474124,0.6568835576694307,0.087810985721129,15.48586643957528,9991.91307286323,298.07321072098773,42.631232254512206,0.0665437252034252,9523.708457488867,0.01661887148613237
-0.31835634167729404,-8.42176506944239,-7.137744026511979,-4.277937779166101,1.7674046081566908,-6.832558444211855,-4.9715274418757325,-9.34023612820046,-6.468862819696798,7.119282527942016,-3.4827406529425877,-3.2540525433265164,-11.920229743118618,3.591150988334821,-4.09721639281494,84.21527442477375,0.21997754803877057,0.15878234927228008,13.681459385975337,11.037499526017069,1.0769352968474124,0.6884821499709353,0.087810985721129,15.48586643957528,9991.91307286323,298.07321072098773,371.81537640463387,0.0665437252034252,9731.729468556501,0.01661887148613237
-0.31835634167729404,-8.42176506944239,-7.137744026511979,-4.265757270866928,1.7674046081566908,-6.832558444211855,-4.9715274418757325,-9.34023612820046,-6.468862819696798,5.439542411853976,-3.4827406529425877,-4.097642050369701,-11.920229743118618,2.877906861981373,-4.09721639281494,84.21527442477375,0.21997754803877057,0.15878234927228008,13.84680393147553,11.037499526017069,1.0769352968474124,0.6884821499709353,0.087810985721129,15.48586643957528,9956.772974596677,298.07321072098773,163.40356327648712,0.0665437252034252,9467.434255637198,0.01661887148613237
-0.3177690797872923,-8.42176506944239,-7.137744026511979,-4.265757270866928,1.7665461092555557,-6.832558444211855,-4.989822406308643,-9.34023612820046,-6.468862819696798,5.439542411853976,-3.4827406529425877,-4.097642050369701,-11.920229743118618,0.2411777875746508,-4.09721639281494,84.24390724184644,0.21997754803877057,0.15878234927228008,13.84680393147553,11.023590596747617,1.0769352968474124,0.6760852973437589,0.087810985721129,15.48586643957528,9956.772974596677,298.07321072098773,163.40356327648712,0.0665437252034252,5600.038760550542,0.01661887148613237
-0.3177690797872923,-8.42176506944239,-7.136248793951373,-4.265757270866928,1.7665461092555557,-6.8219059739836725,-5.075561870826984,-9.34023612820046,-6.468862819696798,5.439542411853976,-3.4827406529425877,1.111729310338446,-11.920229743118618,0.2411777875746508,-4.09721639281494,84.24390724184644,0.21997754803877057,0.15901975448513417,13.84680393147553,11.023590596747617,1.0884560847250677,0.6208785270665252,0.087810985721129,15.48586643957528,9956.772974596677,298.07321072098773,7524.513677545358,0.0665437252034252,5600.038760550542,0.01661887148613237
-0.3177690797872923,-8.42176506944239,-7.150339587038177,-4.265757270866928,1.7652105524809794,-6.8219059739836725,-5.2397639287127085,-9.34023612820046,-6.468862819696798,5.439542411853976,-3.4827406529425877,2.1309893590063504,-11.920229743118618,0.2411777875746508,-4.09721639281494,84.24390724184644,0.21997754803877057,0.1567964972234926,13.84680393147553,11.00193582346372,1.0884560847250677,0.5273550450951985,0.087810985721129,15.48586643957528,9956.772974596677,298.07321072098773,8938.788949213025,0.0665437252034252,5600.038760550542,0.01661887148613237
-0.3177690797872923,-8.42176506944239,-7.150339587038177,-4.265757270866928,1.7652105524809794,-6.8219059739836725,-5.202505269350721,-9.34023612820046,-6.468862819696798,5.439542411853976,-3.4967532431190924,0.3057903574479264,-11.920229743118618,1.9134599684777616,-4.100790111894836,84.24390724184644,0.21997754803877057,0.1567964972234926,13.84680393147553,11.00193582346372,1.0884560847250677,0.5472646571136325,0.087810985721129,15.48586643957528,9956.772974596677,294.0475211309978,5758.5740397885465,0.0665437252034252,8714.073585534576,0.01655958630540335
-0.3177690797872923,-8.42176506944239,-7.150339587038177,-4.26478611310143,1.7652105524809794,-6.8219059739836725,-5.277640929022797,-9.34023612820046,-6.41273941469848,5.439542411853976,-3.4967532431190924,0.3057903574479264,-11.920229743118618,1.9134599684777616,-4.100814938266827,84.24390724184644,0.21997754803877057,0.1567964972234926,13.860071421654805,11.00193582346372,1.0884560847250677,0.5078535208173115,0.087810985721129,16.37837352674366,9956.772974596677,294.0475211309978,5758.5740397885465,0.0665437252034252,8714.073585534576,0.016559175196056927
-0.3177690797872923,-8.42176506944239,-7.150339587038177,-4.26478611310143,1.7652105524809794,-6.8249165982911055,-5.277640929022797,-9.34023612820046,-6.41273941469848,5.439542411853976,-3.4967532431190924,0.3057903574479264,-11.920229743118618,0.3301874692330211,-4.100814938266827,84.24390724184644,0.21997754803877057,0.1567964972234926,13.860071421654805,11.00193582346372,1.0851876309771544,0.5078535208173115,0.087810985721129,16.37837352674366,9956.772974596677,294.0475211309978,5758.5740397885465,0.0665437252034252,5818.049902947945,0.016559175196056927
-0.3206151412032901,-8.42176506944239,-7.150339587038177,-4.26478611310143,1.7652105524809794,-6.8249165982911055,-5.258804592121522,-9.34023612820046,-6.451297974505785,5.439542411853976,-3.4967532431190924,1.1980858329414859,-11.920229743118618,0.3301874692330211,-4.100814938266827,84.10516810914304,0.21997754803877057,0.1567964972234926,13.860071421654805,11.00193582346372,1.0851876309771544,0.5174603144158346,0.087810985721129,15.759843748193983,9956.772974596677,294.0475211309978,7681.840888073526,0.0665437252034252,5818.049902947945,0.016559175196056927
-0.3206151412032901,-8.438176467241917,-7.150339587038177,-4.26478611310143,1.7652105524809794,-6.8249165982911055,-5.258804592121522,-9.34023612820046,-6.451297974505785,5.772795137533525,-3.4967532431190924,1.1980858329414859,-11.903171392078669,0.3301874692330211,-4.100814938266827,84.10516810914304,0.21639764616216464,0.1567964972234926,13.860071421654805,11.00193582346372,1.0851876309771544,0.5174603144158346,0.087810985721129,15.759843748193983,9968.985990734154,294.0475211309978,7681.840888073526,0.06768858065563751,5818.049902947945,0.016559175196056927
-0.3206151412032901,-8.438176467241917,-7.150339587038177,-4.26478611310143,1.7652105524809794,-6.8249165982911055,-5.258804592121522,-9.34023612820046,-6.451297974505785,5.254491356806992,-3.5170205878801766,1.1980858329414859,-11.903171392078669,0.3301874692330211,-4.100814938266827,84.10516810914304,0.21639764616216464,0.1567964972234926,13.860071421654805,11.00193582346372,1.0851876309771544,0.5174603144158346,0.087810985721129,15.759843748193983,9948.031456119465,288.3180403839682,7681.840888073526,0.06768858065563751,5818.049902947945,0.016559175196056927
-0.3206151412032901,-8.450864841484393,-7.150339587038177,-4.26478611310143,1.7652105524809794,-6.8249165982911055,-5.258804592121522,-9.34023612820046,-6.451297974505785,5.254491356806992,-3.5170205878801766,1.1980858329414859,-11.903171392078669,0.3301874692330211,-4.100814938266827,84.10516810914304,0.21366984082734164,0.1567964972234926,13.860071421654805,11.00193582346372,1.0851876309771544,0.5174603144158346,0.087810985721129,15.759843748193983,9948.031456119465,288.3180403839682,7681.840888073526,0.06768858065563751,5818.049902947945,0.016559175196056927
-0.3206151412032901,-8.432664889805045,-7.150339587038177,-4.26478611310143,1.7652105524809794,-6.8249165982911055,-5.278186972912691,-9.343931052575329,-6.451297974505785,5.254491356806992,-3.5170205878801766,0.7354140811691978,-11.903171392078669,0.3301874692330211,-4.100814938266827,84.10516810914304,0.21759337116272948,0.1567964972234926,13.860071421654805,11.00193582346372,1.0851876309771544,0.5075776933843893,0.08748715778353891,15.759843748193983,9948.031456119465,288.3180403839682,6759.9222918114465,0.06768858065563751,5818.049902947945,0.016559175196056927
-0.3206151412032901,-8.437947301531977,-7.150339587038177,-4.26478611310143,1.7652105524809794,-6.8249165982911055,-5.2471607001670355,-9.350534526682576,-6.451297974505785,5.121207479482267,-3.5170205878801766,0.7354140811691978,-11.903171392078669,-0.6483214013748136,-4.100814938266827,84.10516810914304,0.21644723203003244,0.1567964972234926,13.860071421654805,11.00193582346372,1.0851876309771544,0.5234890557646256,0.08691139193245093,15.759843748193983,9940.666039964975,288.3180403839682,6759.9222918114465,0.06768858065563751,3433.679053233335,0.016559175196056927
-0.3206151412032901,-8.437947301531977,-7.152566703947807,-4.255190773228705,1.7649732426314506,-6.8249165982911055,-5.2471607001670355,-9.350534526682576,-6.451297974505785,5.121207479482267,-3.5170205878801766,0.7354140811691978,-11.903171392078669,-0.6483214013748136,-4.100814938266827,84.10516810914304,0.21644723203003244,0.1564479545212536,13.991833856013454,10.998085929358126,1.0851876309771544,0.5234890557646256,0.08691139193245093,15.759843748193983,9940.666039964975,288.3180403839682,6759.9222918114465,0.06768858065563751,3433.679053233335,0.016559175196056927
-0.3206151412032901,-8.437947301531977,-7.152566703947807,-4.255190773228705,1.7649732426314506,-6.8249165982911055,-5.261889780179502,-9.350534526682576,-6.451297974505785,5.121207479482267,-3.5311631805123613,0.9579801216871183,-11.903171392078669,-0.6483214013748136,-4.100814938266827,84.10516810914304,0.21644723203003244,0.1564479545212536,13.991833856013454,10.998085929358126,1.0851876309771544,0.5158745352475306,0.08691139193245093,15.759843748193983,9940.666039964975,284.3843174194538,7227.172096297294,0.06768858065563751,3433.679053233335,0.016559175196056927
-0.3206151412032901,-8.437947301531977,-7.147220488880668,-4.244775440270279,1.7649732426314506,-6.8249165982911055,-5.488428566199813,-9.350534526682576,-6.451297974505785,5.121207479482267,-3.5311631805123613,-0.9036219022501458,-11.903171392078669,2.056182456075041,-4.100657846934474,84.10516810914304,0.21644723203003244,0.15728593918685368,14.136254180875497,10.998085929358126,1.0851876309771544,0.41173135501886093,0.08691139193245093,15.759843748193983,9940.666039964975,284.3843174194538,2883.0676440307034,0.06768858065563751,8865.708324669427,0.01656177670328291
-0.3206151412032901,-8.437947301531977,-7.147220488880668,-4.244775440270279,1.7649732426314506,-6.8249165982911055,-5.488428566199813,-9.350534526682576,-6.451297974505785,4.962891303307821,-3.505468261017413,-0.9036219022501458,-11.903171392078669,2.056182456075041,-4.100657846934474,84.10516810914304,0.21644723203003244,0.15728593918685368,14.136254180875497,10.998085929358126,1.0851876309771544,0.41173135501886093,0.08691139193245093,15.759843748193983,9930.55877415715,291.57042008299953,2883.0676440307034,0.06768858065563751,8865.708324669427,0.01656177670328291
-0.31904121305565214,-8.44021111114704,-7.147220488880668,-4.244775440270279,1.7649732426314506,-6.837267277653284,-5.555204209732353,-9.350534526682576,-6.451297974505785,4.962891303307821,-3.505468261017413,0.35411240379022046,-11.903171392078669,1.7750992668239653,-4.096268274032967,84.18188586630993,0.21595789661345968,0.15728593918685368,14.136254180875497,10.998085929358126,1.071881531543053,0.3852380424428047,0.08691139193245093,15.759843748193983,9930.55877415715,291.57042008299953,5876.144696198915,0.06768858065563751,8550.90669159122,0.016634635622279445
-0.31904121305565214,-8.44021111114704,-7.147220488880668,-4.244775440270279,1.7649732426314506,-6.837267277653284,-5.547646567390344,-9.350534526682576,-6.451297974505785,4.962891303307821,-3.505468261017413,0.35411240379022046,-11.903171392078669,1.7750992668239653,-4.100469621100863,84.18188586630993,0.21595789661345968,0.15728593918685368,14.136254180875497,10.998085929358126,1.071881531543053,0.3881492198151884,0.08691139193245093,15.759843748193983,9930.55877415715,291.57042008299953,5876.144696198915,0.06768858065563751,8550.90669159122,0.016564894350910672
-0.31863435482192565,-8.44021111114704,-7.147220488880668,-4.242563305978802,1.7649732426314506,-6.836531937536662,-5.547646567390344,-9.344368187352927,-6.451297974505785,6.947064954420573,-3.505468261017413,0.35411240379022046,-11.903171392078669,1.7750992668239653,-4.097472863399439,84.20172041041492,0.21595789661345968,0.15728593918685368,14.167116572746188,10.998085929358126,1.0726691731150437,0.3881492198151884,0.08744892580551954,15.759843748193983,9990.394705791365,291.57042008299953,5876.144696198915,0.06768858065563751,8550.90669159122,0.01661460978097298
-0.31863435482192565,-8.44021111114704,-7.148848482251707,-4.242563305978802,1.7649732426314506,-6.836531937536662,-5.499804486429488,-9.344368187352927,-6.451297974505785,6.947064954420573,-3.505468261017413,0.35411240379022046,-11.903171392078669,3.901860151716673,-4.097976785632513,84.20172041041492,0.21595789661345968,0.15703028792248955,14.167116572746188,10.998085929358126,1.0726691731150437,0.40709303210207926,0.08744892580551954,15.759843748193983,9990.394705791365,291.57042008299953,5876.144696198915,0.06768858065563751,9801.958357279043,0.0166062394188934
-0.31863435482192565,-8.462783940025648,-7.148848482251707,-4.242563305978802,1.7649732426314506,-6.833083274363774,-5.733544492332932,-9.344368187352927,-6.451297974505785,6.774063259763271,-3.4925627548278984,0.35411240379022046,-11.903171392078669,3.901860151716673,-4.096730549595661,84.20172041041492,0.21113874083728273,0.15703028792248955,14.167116572746188,10.998085929358126,1.0763708452390666,0.32251530985353954,0.08744892580551954,15.759843748193983,9988.582643195346,295.2458525952533,5876.144696198915,0.06768858065563751,9801.958357279043,0.01662694761386306
-0.31863435482192565,-8.462783940025648,-7.148848482251707,-4.242563305978802,1.7649732426314506,-6.833083274363774,-5.795816848871866,-9.344368187352927,-6.402610318462504,6.924157622372255,-3.4925627548278984,0.35411240379022046,-11.903171392078669,3.901860151716673,-4.097601192751412,84.20172041041492,0.21113874083728273,0.15703028792248955,14.167116572746188,10.998085929358126,1.0763708452390666,0.30310309110413725,0.08744892580551954,16.544838820852203,9990.172353339249,295.2458525952533,5876.144696198915,0.06768858065563751,9801.958357279043,0.016612477775668853
-0.3190922174880031,-8.462783940025648,-7.142181968270497,-4.242563305978802,1.7649732426314506,-6.833083274363774,-5.795816848871866,-9.344368187352927,-6.402610318462504,9.571863898146905,-3.4925627548278984,0.35411240379022046,-11.933641191689391,2.369208789470618,-4.097927276965085,84.1793994645155,0.21113874083728273,0.15807979951241283,14.167116572746188,10.998085929358126,1.0763708452390666,0.30310309110413725,0.08744892580551954,16.544838820852203,9999.303434316536,295.2458525952533,5876.144696198915,0.06565724111995735,9144.489828448679,0.016607061592030202
-0.3190922174880031,-8.462783940025648,-7.142181968270497,-4.260496661242332,1.7649732426314506,-6.833083274363774,-5.795816848871866,-9.344368187352927,-6.402610318462504,9.571863898146905,-3.4925627548278984,-0.6239926622463656,-11.933641191689391,2.369208789470618,-4.098942281659976,84.1793994645155,0.21113874083728273,0.15807979951241283,13.918821941142065,10.998085929358126,1.0763708452390666,0.30310309110413725,0.08744892580551954,16.544838820852203,9999.303434316536,295.2458525952533,3488.7392824554277,0.06565724111995735,9144.489828448679,0.016590213898236512
-0.3190922174880031,-8.462783940025648,-7.142181968270497,-4.260496661242332,1.7649732426314506,-6.833083274363774,-5.904350114125918,-9.344368187352927,-6.402610318462504,9.73686921190936,-3.4925627548278984,-0.6239926622463656,-11.933641191689391,2.369208789470618,-4.096838535616288,84.1793994645155,0.21113874083728273,0.15807979951241283,13.918821941142065,10.998085929358126,1.0763708452390666,0.2720134490377918,0.08744892580551954,16.544838820852203,9999.409383222992,295.2458525952533,3488.7392824554277,0.06565724111995735,9144.489828448679,0.016625152232894836
-0.3190922174880031,-8.462783940025648,-7.142181968270497,-4.260496661242332,1.7649732426314506,-6.833083274363774,-6.121208369021652,-9.344368187352927,-6.459946163829538,6.0293136380836545,-3.4925627548278984,1.4750596416064963,-11.847893834236464,2.369208789470618,-4.096838535616288,84.1793994645155,0.21113874083728273,0.15807979951241283,13.918821941142065,10.998085929358126,1.0763708452390666,0.21909900431844082,0.08744892580551954,15.624349321637027,9975.986348507053,295.2458525952533,8138.252087903891,0.07153555960060791,9144.489828448679,0.016625152232894836
-0.3190922174880031,-8.462783940025648,-7.142181968270497,-4.260496661242332,1.7649732426314506,-6.833083274363774,-5.804436232990956,-9.344368187352927,-6.459946163829538,6.0293136380836545,-3.4925627548278984,-0.28116091669045584,-11.847893834236464,0.16345941834256017,-4.096838535616288,84.1793994645155,0.21113874083728273,0.15807979951241283,13.918821941142065,10.998085929358126,1.0763708452390666,0.30050957345232265,0.08744892580551954,15.624349321637027,9975.986348507053,295.2458525952533,4301.691848766263,0.07153555960060791,5407.741081023385,0.016625152232894836
-0.3190922174880031,-8.462783940025648,-7.142181968270497,-4.260496661242332,1.7649732426314506,-6.833083274363774,-5.730849893483618,-9.344368187352927,-6.459946163829538,6.0293136380836545,-3.4925627548278984,-1.233248239788275,-11.866261714102917,0.7306789731773777,-4.097382999472732,84.1793994645155,0.21113874083728273,0.15807979951241283,13.918821941142065,10.998085929358126,1.0763708452390666,0.3233827170131742,0.08744892580551954,15.624349321637027,9975.986348507053,295.2458525952533,2256.134135021433,0.07023360593247342,6749.54250884824,0.016616102902136463
-0.3190922174880031,-8.462783940025648,-7.142181968270497,-4.260496661242332,1.7649732426314506,-6.833083274363774,-5.730849893483618,-9.344368187352927,-6.459946163829538,6.0293136380836545,-3.451171015305805,-1.233248239788275,-11.866261714102917,0.7306789731773777,-4.097382999472732,84.1793994645155,0.21113874083728273,0.15807979951241283,13.918821941142065,10.998085929358126,1.0763708452390666,0.3233827170131742,0.08744892580551954,15.624349321637027,9975.986348507053,307.33956361054607,2256.134135021433,0.07023360593247342,6749.54250884824,0.016616102902136463
-0.3190922174880031,-8.47451002566512,-7.142181968270497,-4.260496661242332,1.7649732426314506,-6.833083274363774,-5.914526265535786,-9.3386809412248,-6.459946163829538,6.121585848381855,-3.451171015305805,0.36795790062233147,-11.866261714102917,1.3745792596970998,-4.097382999472732,84.1793994645155,0.2086778828448487,0.15807979951241283,13.918821941142065,10.998085929358126,1.0763708452390666,0.26926685103635056,0.0879476424479299,15.624349321637027,9978.098350432154,307.33956361054607,5909.654432231496,0.07023360593247342,7981.189944340077,0.016616102902136463
-0.3190922174880031,-8.47451002566512,-7.142181968270497,-4.260496661242332,1.7649732426314506,-6.833083274363774,-5.966417572296789,-9.3386809412248,-6.427324100226944,6.121585848381855,-3.451171015305805,0.5726358037335508,-11.866261714102917,1.3745792596970998,-4.097382999472732,84.1793994645155,0.2086778828448487,0.15807979951241283,13.918821941142065,10.998085929358126,1.0763708452390666,0.25568539536726353,0.0879476424479299,16.14161639066247,9978.098350432154,307.33956361054607,6393.711503842362,0.07023360593247342,7981.189944340077,0.016616102902136463
-0.3190922174880031,-8.47451002566512,-7.142181968270497,-4.268654624242361,1.7649732426314506,-6.833083274363774,-6.004097452378635,-9.3386809412248,-6.416467628496748,6.121585848381855,-3.451171015305805,-2.850128839735037,-11.866261714102917,1.3745792596970998,-4.1028177778215085,84.1793994645155,0.2086778828448487,0.15807979951241283,13.80729604522879,10.998085929358126,1.0763708452390666,0.2462537327301539,0.0879476424479299,16.317524586175377,9978.098350432154,307.33956361054607,546.7465770840861,0.07023360593247342,7981.189944340077,0.016526043015277898
-0.3190922174880031,-8.47451002566512,-7.142181968270497,-4.268654624242361,1.7649732426314506,-6.833083274363774,-6.0263843821229255,-9.3386809412248,-6.416467628496748,6.121585848381855,-3.451171015305805,-2.850128839735037,-11.866261714102917,1.3745792596970998,-4.101014158136082,84.1793994645155,0.2086778828448487,0.15807979951241283,13.80729604522879,10.998085929358126,1.0763708452390666,0.24083927090601184,0.0879476424479299,16.317524586175377,9978.098350432154,307.33956361054607,546.7465770840861,0.07023360593247342,7981.189944340077,0.016555876607922446
-0.3190922174880031,-8.47451002566512,-7.142181968270497,-4.268654624242361,1.7649732426314506,-6.833083274363774,-6.0263843821229255,-9.3386809412248,-6.416467628496748,6.121585848381855,-3.451171015305805,-2.850128839735037,-11.950797947377861,1.3745792596970998,-4.101014158136082,84.1793994645155,0.2086778828448487,0.15807979951241283,13.80729604522879,10.998085929358126,1.0763708452390666,0.24083927090601184,0.0879476424479299,16.317524586175377,9978.098350432154,307.33956361054607,546.7465770840861,0.06454039130053828,7981.189944340077,0.016555876607922446
-0.31842892057155575,-8.426431877717672,-7.1595562505142425,-4.257857260677062,1.7649732426314506,-6.833083274363774,-5.868793286762059,-9.3386809412248,-6.416467628496748,6.121585848381855,-3.451171015305805,-0.12429372267976735,-11.950797947377861,1.3745792596970998,-4.101014158136082,84.211735918233,0.21895357098415638,0.15535911336985475,13.955094462299629,10.998085929358126,1.0763708452390666,0.28183164323290477,0.0879476424479299,16.317524586175377,9978.098350432154,307.33956361054607,4689.665118941795,0.06454039130053828,7981.189944340077,0.016555876607922446
-0.31842892057155575,-8.426431877717672,-7.1595562505142425,-4.257857260677062,1.7649732426314506,-6.833083274363774,-5.868793286762059,-9.332618010594498,-6.416467628496748,6.121585848381855,-3.451171015305805,-0.12429372267976735,-12.037177115431092,1.3745792596970998,-4.101014158136082,84.211735918233,0.21895357098415638,0.15535911336985475,13.955094462299629,10.998085929358126,1.0763708452390666,0.28183164323290477,0.08848243529028936,16.317524586175377,9978.098350432154,307.33956361054607,4689.665118941795,0.05919947156377574,7981.189944340077,0.016555876607922446
-0.3199216626225848,-8.426431877717672,-7.1595562505142425,-4.257857260677062,1.7649732426314506,-6.833083274363774,-5.724672846289673,-9.311343503328828,-6.417577481405289,6.121585848381855,-3.451171015305805,-0.12429372267976735,-12.037177115431092,1.3745792596970998,-4.101014158136082,84.13896787781073,0.21895357098415638,0.15535911336985475,13.955094462299629,10.998085929358126,1.0763708452390666,0.32537992977839336,0.09038485007613825,16.299454082105175,9978.098350432154,307.33956361054607,4689.665118941795,0.05919947156377574,7981.189944340077,0.016555876607922446
-0.3199216626225848,-8.426431877717672,-7.1595562505142425,-4.257857260677062,1.7649732426314506,-6.826036096121456,-5.941852477449078,-9.311343503328828,-6.417577481405289,6.121585848381855,-3.451171015305805,-0.12429372267976735,-12.037177115431092,0.7883064103273238,-4.1018028693943425,84.13896787781073,0.21895357098415638,0.15535911336985475,13.955094462299629,10.998085929358126,1.0839747616909055,0.2620274512617414,0.09038485007613825,16.299454082105175,9978.098350432154,307.33956361054607,4689.665118941795,0.05919947156377574,6874.6756841014585,0.016542823949717282
-0.3199216626225848,-8.426431877717672,-7.1595562505142425,-4.257857260677062,1.7649732426314506,-6.826036096121456,-6.003466397738187,-9.311343503328828,-6.417577481405289,6.121585848381855,-3.451171015305805,-0.12429372267976735,-12.037177115431092,0.8908887582506001,-4.1018028693943425,84.13896787781073,0.21895357098415638,0.15535911336985475,13.955094462299629,10.998085929358126,1.0839747616909055,0.24640879829500684,0.09038485007613825,16.299454082105175,9978.098350432154,307.33956361054607,4689.665118941795,0.05919947156377574,7090.735470138392,0.016542823949717282
-0.3199216626225848,-8.426431877717672,-7.1595562505142425,-4.257857260677062,1.7649732426314506,-6.821732336728818,-5.987780530839519,-9.312822609828766,-6.417577481405289,6.121585848381855,-3.451171015305805,-1.259722607067626,-12.037177115431092,-0.21044329566343933,-4.1018028693943425,84.13896787781073,0.21895357098415638,0.15535911336985475,13.955094462299629,10.998085929358126,1.0886448918930505,0.2502946565325683,0.09025127213483437,16.299454082105175,9978.098350432154,307.33956361054607,2210.2164756469524,0.05919947156377574,4475.824819621765,0.016542823949717282
-0.31996045648737775,-8.426431877717672,-7.167084629620166,-4.257857260677062,1.7634084899682356,-6.821732336728818,-6.025976973020391,-9.312822609828766,-6.417577481405289,6.121585848381855,-3.451171015305805,-1.7170191242186175,-12.037177115431092,-0.21044329566343933,-4.1018028693943425,84.13707698770546,0.21895357098415638,0.15419480099139937,13.955094462299629,10.972684648552884,1.0886448918930505,0.24093717455146696,0.09025127213483437,16.299454082105175,9978.098350432154,307.33956361054607,1522.555178473005,0.05919947156377574,4475.824819621765,0.016542823949717282
-0.31996045648737775,-8.426431877717672,-7.167084629620166,-4.257857260677062,1.7634084899682356,-6.821732336728818,-6.377017781453996,-9.312822609828766,-6.417577481405289,6.121585848381855,-3.451171015305805,-1.7170191242186175,-12.062750075036279,-0.21044329566343933,-4.1018028693943425,84.13707698770546,0.21895357098415638,0.15419480099139937,13.955094462299629,10.972684648552884,1.0886448918930505,0.1697300003892409,0.09025127213483437,16.299454082105175,9978.098350432154,307.33956361054607,1522.555178473005,0.057704768058462676,4475.824819621765,0.016542823949717282
