fuel_x0_interval_,fuel_k_interval_,moisture_x0_interval_,moisture_k_interval_,igntions_x0_interval_,igntions_k_interval_,suppression_x0_interval_,suppression_k_interval_,cM_interval_,cP_interval_,cD1_interval_,cD2_interval_,sigma_log_,fuel_x0,fuel_k,moisture_x0,moisture_k,igntions_x0,igntions_k,suppression_x0,suppression_k,cM,cP,cD1,cD2,sigma
0.07061186767547227,-9.292592316489003,-7.061321885752691,-4.251955075420858,1.2865890073835984,-6.055913528601684,-3.7035764785691523,-9.41663096556356,-6.414939379369923,-12.679940976008021,-17.919893107397495,-11.962573741844457,-4.113332069264082,103.52912714274174,0.0920955054885244,0.1713817430231974,14.03654401610819,1.8640068847730062,2.338478568020461,2.404295672135788,0.08135304274080749,16.34244010905037,0.031129364255794798,0.00016500203481600604,0.06378483911015354,0.01635319366919926
0.07061186767547227,-9.292592316489003,-7.061321885752691,-4.251955075420858,1.2865890073835984,-6.055913528601684,-3.7035764785691523,-9.41663096556356,-6.414939379369923,-12.679940976008021,-17.919893107397495,-11.962573741844457,-4.10776783572255,103.52912714274174,0.0920955054885244,0.1713817430231974,14.03654401610819,1.8640068847730062,2.338478568020461,2.404295672135788,0.08135304274080749,16.34244010905037,0.031129364255794798,0.00016500203481600604,0.06378483911015354,0.016444440281232788
0.07061186767547227,-9.292592316489003,-7.061321885752691,-4.251955075420858,1.2865890073835984,-6.055913528601684,-3.7035764785691523,-9.38349898663118,-6.414939379369923,-12.679940976008021,-17.919893107397495,-11.962573741844457,-4.10776783572255,103.52912714274174,0.0920955054885244,0.1713817430231974,14.03654401610819,1.8640068847730062,2.338478568020461,2.404295672135788,0.08409334858123281,16.34244010905037,0.031129364255794798,0.00016500203481600604,0.06378483911015354,0.016444440281232788
0.07061186767547227,-9.292592316489003,-7.061321885752691,-4.251955075420858,1.2865890073835984,-6.055913528601684,-3.7035764785691523,-9.38349898663118,-6.414939379369923,-12.679940976008021,-19.167901822224355,-11.962573741844457,-4.10776783572255,103.52912714274174,0.0920955054885244,0.1713817430231974,14.03654401610819,1.8640068847730062,2.338478568020461,2.404295672135788,0.08409334858123281,16.34244010905037,0.031129364255794798,4.7368104576808745e-05,0.06378483911015354,0.016444440281232788
0.07061186767547227,-9.292592316489003,-7.061321885752691,-4.251955075420858,1.2865890073835984,-6.055913528601684,-3.7035764785691523,-9.38349898663118,-6.414939379369923,-12.679940976008021,-19.167901822224355,-11.999802851070076,-4.110059358001984,103.52912714274174,0.0920955054885244,0.1713817430231974,14.03654401610819,1.8640068847730062,2.338478568020461,2.404295672135788,0.08409334858123281,16.34244010905037,0.031129364255794798,4.7368104576808745e-05,0.061453860316308825,0.016406800622484542
0.07061186767547227,-9.292592316489003,-7.061321885752691,-4.251955075420858,1.2865890073835984,-6.055913528601684,-3.7035764785691523,-9.38349898663118,-6.414939379369923,-12.679940976008021,-19.167901822224355,-11.999802851070076,-4.110125458549291,103.52912714274174,0.0920955054885244,0.1713817430231974,14.03654401610819,1.8640068847730062,2.338478568020461,2.404295672135788,0.08409334858123281,16.34244010905037,0.031129364255794798,4.7368104576808745e-05,0.061453860316308825,0.01640571615982602
0.07061186767547227,-9.292592316489003,-7.061321885752691,-4.251955075420858,1.2865890073835984,-6.055913528601684,-3.7035764785691523,-9.371396685757535,-6.414939379369923,-12.679940976008021,-19.167901822224355,-11.999802851070076,-4.110125458549291,103.52912714274174,0.0920955054885244,0.1713817430231974,14.03654401610819,1.8640068847730062,2.338478568020461,2.404295672135788,0.08511716774917306,16.34244010905037,0.031129364255794798,4.7368104576808745e-05,0.061453860316308825,0.01640571615982602
0.07061186767547227,-9.292592316489003,-7.061321885752691,-4.2456846982797485,1.2865890073835984,-6.055913528601684,-3.7647189471656675,-9.371396685757535,-6.414939379369923,-12.679940976008021,-19.167901822224355,-11.999802851070076,-4.111030953401449,103.52912714274174,0.0920955054885244,0.1713817430231974,14.123587975405734,1.8640068847730062,2.338478568020461,2.26492479815322,0.08511716774917306,16.34244010905037,0.031129364255794798,4.7368104576808745e-05,0.061453860316308825,0.016390867591962774
0.07061186767547227,-9.292592316489003,-7.050603491555576,-4.2456846982797485,1.2865890073835984,-6.055913528601684,-3.7647189471656675,-9.371396685757535,-6.414939379369923,-12.679940976008021,-19.167901822224355,-11.999802851070076,-4.111030953401449,103.52912714274174,0.0920955054885244,0.17322696028551696,14.123587975405734,1.8640068847730062,2.338478568020461,2.26492479815322,0.08511716774917306,16.34244010905037,0.031129364255794798,4.7368104576808745e-05,0.061453860316308825,0.016390867591962774
0.07061186767547227,-9.292592316489003,-7.054326685752436,-4.2456846982797485,1.2865890073835984,-6.055913528601684,-3.7647189471656675,-9.371396685757535,-6.414939379369923,-12.679940976008021,-19.167901822224355,-11.999802851070076,-4.111030953401449,103.52912714274174,0.0920955054885244,0.1725837573460251,14.123587975405734,1.8640068847730062,2.338478568020461,2.26492479815322,0.08511716774917306,16.34244010905037,0.031129364255794798,4.7368104576808745e-05,0.061453860316308825,0.016390867591962774
0.07061186767547227,-9.292592316489003,-7.054326685752436,-4.2456846982797485,1.2865890073835984,-6.138973954160457,-3.7647189471656675,-9.371396685757535,-6.414939379369923,-12.679940976008021,-19.88285470194542,-11.999802851070076,-4.111030953401449,103.52912714274174,0.0920955054885244,0.1725837573460251,14.123587975405734,1.8640068847730062,2.152492584597466,2.26492479815322,0.08511716774917306,16.34244010905037,0.031129364255794798,2.3173195067473096e-05,0.061453860316308825,0.016390867591962774
0.07061186767547227,-9.292592316489003,-7.054326685752436,-4.2456846982797485,1.2865890073835984,-6.138973954160457,-3.8999256683092947,-9.371396685757535,-6.414939379369923,-12.575510153697433,-19.88285470194542,-11.999802851070076,-4.111030953401449,103.52912714274174,0.0920955054885244,0.1725837573460251,14.123587975405734,1.8640068847730062,2.152492584597466,1.9841751289381482,0.08511716774917306,16.34244010905037,0.03455602920520089,2.3173195067473096e-05,0.061453860316308825,0.016390867591962774
0.07061186767547227,-9.292592316489003,-7.054326685752436,-4.2456846982797485,1.2865890073835984,-6.138973954160457,-3.8999256683092947,-9.371396685757535,-6.414939379369923,-12.575510153697433,-19.88285470194542,-11.999802851070076,-4.111030953401449,103.52912714274174,0.0920955054885244,0.1725837573460251,14.123587975405734,1.8640068847730062,2.152492584597466,1.9841751289381482,0.08511716774917306,16.34244010905037,0.03455602920520089,2.3173195067473096e-05,0.061453860316308825,0.016390867591962774
0.07061186767547227,-9.292592316489003,-7.054326685752436,-4.2456846982797485,1.2865890073835984,-6.138973954160457,-3.903015319280488,-9.441287279960763,-6.414939379369923,-12.575510153697433,-19.88285470194542,-11.999802851070076,-4.111030953401449,103.52912714274174,0.0920955054885244,0.1725837573460251,14.123587975405734,1.8640068847730062,2.152492584597466,1.978175264067823,0.0793718604458869,16.34244010905037,0.03455602920520089,2.3173195067473096e-05,0.061453860316308825,0.016390867591962774
0.07061186767547227,-9.292592316489003,-7.054326685752436,-4.2456846982797485,1.2865890073835984,-6.138973954160457,-3.903015319280488,-9.441287279960763,-6.414939379369923,-12.575510153697433,-19.88285470194542,-11.999802851070076,-4.111030953401449,103.52912714274174,0.0920955054885244,0.1725837573460251,14.123587975405734,1.8640068847730062,2.152492584597466,1.978175264067823,0.0793718604458869,16.34244010905037,0.03455602920520089,2.3173195067473096e-05,0.061453860316308825,0.016390867591962774
0.07061186767547227,-9.292592316489003,-7.054326685752436,-4.2456846982797485,1.2865890073835984,-6.138973954160457,-3.903015319280488,-9.43881176200108,-6.414939379369923,-12.575510153697433,-19.88285470194542,-11.999802851070076,-4.111030953401449,103.52912714274174,0.0920955054885244,0.1725837573460251,14.123587975405734,1.8640068847730062,2.152492584597466,1.978175264067823,0.07956857466209516,16.34244010905037,0.03455602920520089,2.3173195067473096e-05,0.061453860316308825,0.016390867591962774
0.07061186767547227,-9.292592316489003,-7.054326685752436,-4.2456846982797485,1.2865890073835984,-6.138973954160457,-3.903015319280488,-9.43881176200108,-6.414939379369923,-12.575510153697433,-19.88285470194542,-11.999802851070076,-4.111030953401449,103.52912714274174,0.0920955054885244,0.1725837573460251,14.123587975405734,1.8640068847730062,2.152492584597466,1.978175264067823,0.07956857466209516,16.34244010905037,0.03455602920520089,2.3173195067473096e-05,0.061453860316308825,0.016390867591962774
0.07061186767547227,-9.292592316489003,-7.060143002002967,-4.2456846982797485,1.2865890073835984,-6.138973954160457,-3.903015319280488,-9.43881176200108,-6.414939379369923,-12.575510153697433,-19.88285470194542,-11.999802851070076,-4.111030953401449,103.52912714274174,0.0920955054885244,0.17158372787683085,14.123587975405734,1.8640068847730062,2.152492584597466,1.978175264067823,0.07956857466209516,16.34244010905037,0.03455602920520089,2.3173195067473096e-05,0.061453860316308825,0.016390867591962774
0.06458815725149693,-9.292592316489003,-7.060143002002967,-4.2456846982797485,1.2865890073835984,-6.138973954160457,-3.903015319280488,-9.43881176200108,-6.414939379369923,-12.575510153697433,-19.88285470194542,-11.999802851070076,-4.111030953401449,103.22828567279971,0.0920955054885244,0.17158372787683085,14.123587975405734,1.8640068847730062,2.152492584597466,1.978175264067823,0.07956857466209516,16.34244010905037,0.03455602920520089,2.3173195067473096e-05,0.061453860316308825,0.016390867591962774
0.06458815725149693,-9.292592316489003,-7.060143002002967,-4.2456846982797485,1.2865890073835984,-6.138973954160457,-3.903015319280488,-9.43881176200108,-6.414939379369923,-12.656464761694668,-21.745429704327996,-11.999802851070076,-4.111030953401449,103.22828567279971,0.0920955054885244,0.17158372787683085,14.123587975405734,1.8640068847730062,2.152492584597466,1.978175264067823,0.07956857466209516,16.34244010905037,0.03186880725406201,3.598155040168339e-06,0.061453860316308825,0.016390867591962774
0.06458815725149693,-9.292592316489003,-7.060143002002967,-4.2456846982797485,1.2865890073835984,-6.138973954160457,-3.903015319280488,-9.43881176200108,-6.47212923932096,-12.656464761694668,-23.077117393671287,-11.999802851070076,-4.111030953401449,103.22828567279971,0.0920955054885244,0.17158372787683085,14.123587975405734,1.8640068847730062,2.152492584597466,1.978175264067823,0.07956857466209516,15.435443575115109,0.03186880725406201,9.500254893755775e-07,0.061453860316308825,0.016390867591962774
0.06374281706063027,-9.302581428965745,-7.060143002002967,-4.2456846982797485,1.2865890073835984,-6.138973954160457,-3.9409584924140613,-9.43881176200108,-6.47212923932096,-12.656464761694668,-23.077117393671287,-11.999802851070076,-4.111030953401449,103.18606213958275,0.0911802160822657,0.17158372787683085,14.123587975405734,1.8640068847730062,2.152492584597466,1.9059269065153157,0.07956857466209516,15.435443575115109,0.03186880725406201,9.500254893755775e-07,0.061453860316308825,0.016390867591962774
0.0661532287308251,-9.302581428965745,-7.060143002002967,-4.2456846982797485,1.2865890073835984,-6.138973954160457,-3.9409584924140613,-9.372806926826009,-6.47212923932096,-12.656464761694668,-19.010362979366896,-11.999802851070076,-4.110660357206949,103.30645570150867,0.0911802160822657,0.17158372787683085,14.123587975405734,1.8640068847730062,2.152492584597466,1.9059269065153157,0.08499722681897562,15.435443575115109,0.03186880725406201,5.545034552289925e-05,0.061453860316308825,0.01639694311082946
0.06469952747688537,-9.302581428965745,-7.060143002002967,-4.2456846982797485,1.2865890073835984,-6.138973954160457,-3.920059081210247,-9.372806926826009,-6.388529580866574,-12.656464761694668,-20.30114515792279,-11.999802851070076,-4.110660357206949,103.23384837065659,0.0911802160822657,0.17158372787683085,14.123587975405734,1.8640068847730062,2.152492584597466,1.94539575325062,0.08499722681897562,16.77905657358738,0.03186880725406201,1.5251925700019624e-05,0.061453860316308825,0.01639694311082946
0.06469952747688537,-9.302581428965745,-7.060143002002967,-4.2456846982797485,1.2865890073835984,-6.138973954160457,-3.920059081210247,-9.349277308901675,-6.36405323031101,-12.656464761694668,-17.85480562278802,-11.999802851070076,-4.110660357206949,103.23384837065659,0.0911802160822657,0.17158372787683085,14.123587975405734,1.8640068847730062,2.152492584597466,1.94539575325062,0.08702071768003485,17.194099142898303,0.03186880725406201,0.00017609881556249657,0.061453860316308825,0.01639694311082946
0.06469952747688537,-9.302581428965745,-7.060143002002967,-4.2456846982797485,1.2865890073835984,-6.138973954160457,-3.920059081210247,-9.349277308901675,-6.36405323031101,-12.656464761694668,-17.85480562278802,-11.999802851070076,-4.110660357206949,103.23384837065659,0.0911802160822657,0.17158372787683085,14.123587975405734,1.8640068847730062,2.152492584597466,1.94539575325062,0.08702071768003485,17.194099142898303,0.03186880725406201,0.00017609881556249657,0.061453860316308825,0.01639694311082946
0.06469952747688537,-9.302581428965745,-7.060143002002967,-4.2456846982797485,1.2865890073835984,-6.138973954160457,-3.9721920940228617,-9.349277308901675,-6.36405323031101,-12.656464761694668,-17.85480562278802,-11.999802851070076,-4.110660357206949,103.23384837065659,0.0911802160822657,0.17158372787683085,14.123587975405734,1.8640068847730062,2.152492584597466,1.8484013210023857,0.08702071768003485,17.194099142898303,0.03186880725406201,0.00017609881556249657,0.061453860316308825,0.01639694311082946
0.06469952747688537,-9.302581428965745,-7.060143002002967,-4.2456846982797485,1.2865890073835984,-6.138973954160457,-3.9721920940228617,-9.349277308901675,-6.36405323031101,-12.656464761694668,-17.85480562278802,-11.999802851070076,-4.110660357206949,103.23384837065659,0.0911802160822657,0.17158372787683085,14.123587975405734,1.8640068847730062,2.152492584597466,1.8484013210023857,0.08702071768003485,17.194099142898303,0.03186880725406201,0.00017609881556249657,0.061453860316308825,0.01639694311082946
0.06469952747688537,-9.302581428965745,-7.058346655218329,-4.2456846982797485,1.2865890073835984,-6.138973954160457,-4.167669779189587,-9.349277308901675,-6.36405323031101,-12.656464761694668,-17.85480562278802,-12.207885910411086,-4.110660357206949,103.23384837065659,0.0911802160822657,0.1718919636149129,14.123587975405734,1.8640068847730062,2.152492584597466,1.5252080349242458,0.08702071768003485,17.194099142898303,0.03186880725406201,0.00017609881556249657,0.04990916981076638,0.01639694311082946
0.06469952747688537,-9.302581428965745,-7.058346655218329,-4.2456846982797485,1.2865890073835984,-6.138973954160457,-4.167669779189587,-9.349277308901675,-6.36405323031101,-12.656464761694668,-17.85480562278802,-12.207885910411086,-4.110660357206949,103.23384837065659,0.0911802160822657,0.1718919636149129,14.123587975405734,1.8640068847730062,2.152492584597466,1.5252080349242458,0.08702071768003485,17.194099142898303,0.03186880725406201,0.00017609881556249657,0.04990916981076638,0.01639694311082946
0.06469952747688537,-9.302581428965745,-7.058346655218329,-4.2456846982797485,1.2865890073835984,-6.138973954160457,-4.167669779189587,-9.349277308901675,-6.36405323031101,-12.656464761694668,-17.85480562278802,-12.207885910411086,-4.112291772470758,103.23384837065659,0.0911802160822657,0.1718919636149129,14.123587975405734,1.8640068847730062,2.152492584597466,1.5252080349242458,0.08702071768003485,17.194099142898303,0.03186880725406201,0.00017609881556249657,0.04990916981076638,0.016370214696058726
0.059695723854031546,-9.302581428965745,-7.058346655218329,-4.2456846982797485,1.2865890073835984,-6.138973954160457,-4.167669779189587,-9.349277308901675,-6.36405323031101,-12.656464761694668,-18.280793299419223,-12.207885910411086,-4.112291772470758,102.98390013156113,0.0911802160822657,0.1718919636149129,14.123587975405734,1.8640068847730062,2.152492584597466,1.5252080349242458,0.08702071768003485,17.194099142898303,0.03186880725406201,0.00011501443233104459,0.04990916981076638,0.016370214696058726
0.059695723854031546,-9.302581428965745,-7.058346655218329,-4.2456846982797485,1.2865890073835984,-6.138973954160457,-4.167669779189587,-9.325227970986088,-6.36405323031101,-12.656464761694668,-18.280793299419223,-12.207885910411086,-4.112291772470758,102.98390013156113,0.0911802160822657,0.1718919636149129,14.123587975405734,1.8640068847730062,2.152492584597466,1.5252080349242458,0.08913868758353363,17.194099142898303,0.03186880725406201,0.00011501443233104459,0.04990916981076638,0.016370214696058726
0.059695723854031546,-9.302581428965745,-7.058346655218329,-4.2456846982797485,1.2865890073835984,-6.138973954160457,-4.174518984835291,-9.325227970986088,-6.36405323031101,-12.656464761694668,-18.280793299419223,-12.207885910411086,-4.112291772470758,102.98390013156113,0.0911802160822657,0.1718919636149129,14.123587975405734,1.8640068847730062,2.152492584597466,1.5149549833712315,0.08913868758353363,17.194099142898303,0.03186880725406201,0.00011501443233104459,0.04990916981076638,0.016370214696058726
0.059695723854031546,-9.302581428965745,-7.0662121460569205,-4.2456846982797485,1.2865890073835984,-6.138973954160457,-4.174518984835291,-9.325227970986088,-6.36405323031101,-12.656464761694668,-18.280793299419223,-12.186716846532427,-4.108084869503687,102.98390013156113,0.0911802160822657,0.17054640055006218,14.123587975405734,1.8640068847730062,2.152492584597466,1.5149549833712315,0.08913868758353363,17.194099142898303,0.03186880725406201,0.00011501443233104459,0.05097695698089865,0.01643922766448321
0.059695723854031546,-9.302581428965745,-7.0662121460569205,-4.2456846982797485,1.2865890073835984,-6.138973954160457,-4.174518984835291,-9.325227970986088,-6.36405323031101,-12.656464761694668,-18.280793299419223,-12.186716846532427,-4.112096633790196,102.98390013156113,0.0911802160822657,0.17054640055006218,14.123587975405734,1.8640068847730062,2.152492584597466,1.5149549833712315,0.08913868758353363,17.194099142898303,0.03186880725406201,0.00011501443233104459,0.05097695698089865,0.016373409469856878
0.059695723854031546,-9.302581428965745,-7.0662121460569205,-4.2456846982797485,1.2865890073835984,-6.138973954160457,-4.174518984835291,-9.325227970986088,-6.36405323031101,-12.656464761694668,-18.280793299419223,-12.378489886525818,-4.112096633790196,102.98390013156113,0.0911802160822657,0.17054640055006218,14.123587975405734,1.8640068847730062,2.152492584597466,1.5149549833712315,0.08913868758353363,17.194099142898303,0.03186880725406201,0.00011501443233104459,0.04208121982734262,0.016373409469856878
0.059695723854031546,-9.302581428965745,-7.0662121460569205,-4.272459529747546,1.2865890073835984,-6.138973954160457,-4.174518984835291,-9.325227970986088,-6.36405323031101,-12.656464761694668,-18.280793299419223,-12.378489886525818,-4.112096633790196,102.98390013156113,0.0911802160822657,0.17054640055006218,13.755581690767702,1.8640068847730062,2.152492584597466,1.5149549833712315,0.08913868758353363,17.194099142898303,0.03186880725406201,0.00011501443233104459,0.04208121982734262,0.016373409469856878
0.059695723854031546,-9.302581428965745,-7.073822673796924,-4.233696060347198,1.2865890073835984,-6.138973954160457,-4.174518984835291,-9.325227970986088,-6.36405323031101,-12.682785415503167,-18.280793299419223,-12.378489886525818,-4.112096633790196,102.98390013156113,0.0911802160822657,0.16925447321545817,14.291495163254922,1.8640068847730062,2.152492584597466,1.5149549833712315,0.08913868758353363,17.194099142898303,0.03104094474908488,0.00011501443233104459,0.04208121982734262,0.016373409469856878
0.059695723854031546,-9.302581428965745,-7.073822673796924,-4.233696060347198,1.2865890073835984,-6.138973954160457,-4.174518984835291,-9.325227970986088,-6.359532711162103,-12.682785415503167,-18.389719630517128,-12.378489886525818,-4.109210529311301,102.98390013156113,0.0911802160822657,0.16925447321545817,14.291495163254922,1.8640068847730062,2.152492584597466,1.5149549833712315,0.08913868758353363,17.271866792212258,0.03104094474908488,0.00010314453830997566,0.04208121982734262,0.016420733097881113
0.059695723854031546,-9.302581428965745,-7.073822673796924,-4.233696060347198,1.2865890073835984,-6.138973954160457,-4.174518984835291,-9.325227970986088,-6.359532711162103,-12.682785415503167,-18.389719630517128,-12.378489886525818,-4.109210529311301,102.98390013156113,0.0911802160822657,0.16925447321545817,14.291495163254922,1.8640068847730062,2.152492584597466,1.5149549833712315,0.08913868758353363,17.271866792212258,0.03104094474908488,0.00010314453830997566,0.04208121982734262,0.016420733097881113
0.059695723854031546,-9.302581428965745,-7.073822673796924,-4.233696060347198,1.2865890073835984,-6.138973954160457,-4.174518984835291,-9.325227970986088,-6.359532711162103,-12.682785415503167,-18.389719630517128,-12.378489886525818,-4.1088882504058075,102.98390013156113,0.0911802160822657,0.16925447321545817,14.291495163254922,1.8640068847730062,2.152492584597466,1.5149549833712315,0.08913868758353363,17.271866792212258,0.03104094474908488,0.00010314453830997566,0.04208121982734262,0.016426026006621897
0.05510856172880341,-9.300186069158931,-7.073822673796924,-4.233696060347198,1.2865890073835984,-6.138973954160457,-4.174518984835291,-9.325227970986088,-6.359532711162103,-12.682785415503167,-18.389719630517128,-12.378489886525818,-4.108918996031822,102.75473095588971,0.09139886731431103,0.16925447321545817,14.291495163254922,1.8640068847730062,2.152492584597466,1.5149549833712315,0.08913868758353363,17.271866792212258,0.03104094474908488,0.00010314453830997566,0.04208121982734262,0.016425520985933018
0.05510856172880341,-9.300186069158931,-7.073822673796924,-4.233696060347198,1.2865890073835984,-6.138973954160457,-4.174518984835291,-9.325227970986088,-6.428918162234535,-12.682785415503167,-18.389719630517128,-12.378489886525818,-4.108918996031822,102.75473095588971,0.09139886731431103,0.16925447321545817,14.291495163254922,1.8640068847730062,2.152492584597466,1.5149549833712315,0.08913868758353363,16.11594758502395,0.03104094474908488,0.00010314453830997566,0.04208121982734262,0.016425520985933018
0.05212878495997886,-9.300186069158931,-7.073822673796924,-4.233696060347198,1.2865890073835984,-6.138973954160457,-4.321916331671238,-9.325227970986088,-6.428918162234535,-12.682785415503167,-18.389719630517128,-12.378489886525818,-4.109893075345067,102.60584917795683,0.09139886731431103,0.16925447321545817,14.291495163254922,1.8640068847730062,2.152492584597466,1.3100519153524246,0.08913868758353363,16.11594758502395,0.03104094474908488,0.00010314453830997566,0.04208121982734262,0.016409529015719515
0.05212878495997886,-9.300186069158931,-7.073822673796924,-4.267295945925885,1.2865890073835984,-6.138973954160457,-4.321916331671238,-9.325227970986088,-6.406770184226877,-12.721087963487488,-18.389719630517128,-12.378489886525818,-4.109893075345067,102.60584917795683,0.09139886731431103,0.16925447321545817,13.825808924986141,1.8640068847730062,2.152492584597466,1.3100519153524246,0.08913868758353363,16.476270625180568,0.029874482861247366,0.00010314453830997566,0.04208121982734262,0.016409529015719515
0.05212878495997886,-9.300186069158931,-7.073822673796924,-4.267295945925885,1.2865890073835984,-6.138973954160457,-4.241918893288773,-9.325227970986088,-6.406770184226877,-12.721087963487488,-18.389719630517128,-12.378489886525818,-4.109893075345067,102.60584917795683,0.09139886731431103,0.16925447321545817,13.825808924986141,1.8640068847730062,2.152492584597466,1.4176119522489112,0.08913868758353363,16.476270625180568,0.029874482861247366,0.00010314453830997566,0.04208121982734262,0.016409529015719515
0.05212878495997886,-9.300186069158931,-7.073822673796924,-4.267295945925885,1.2865890073835984,-6.138973954160457,-4.241918893288773,-9.325227970986088,-6.432280276222131,-12.721087963487488,-18.389719630517128,-12.378489886525818,-4.109893075345067,102.60584917795683,0.09139886731431103,0.16925447321545817,13.825808924986141,1.8640068847730062,2.152492584597466,1.4176119522489112,0.08913868758353363,16.061941799369013,0.029874482861247366,0.00010314453830997566,0.04208121982734262,0.016409529015719515
0.05212878495997886,-9.300186069158931,-7.073822673796924,-4.267295945925885,1.2865890073835984,-6.138973954160457,-4.241918893288773,-9.325227970986088,-6.4811671536200235,-12.721087963487488,-17.630417168012627,-12.378489886525818,-4.109893075345067,102.60584917795683,0.09139886731431103,0.16925447321545817,13.825808924986141,1.8640068847730062,2.152492584597466,1.4176119522489112,0.08913868758353363,15.296780312669515,0.029874482861247366,0.00022039772165086534,0.04208121982734262,0.016409529015719515
0.05212878495997886,-9.300186069158931,-7.073822673796924,-4.265828386916609,1.2861036607296936,-6.138973954160457,-4.241918893288773,-9.325227970986088,-6.4811671536200235,-12.721087963487488,-17.630417168012627,-12.360739058307782,-4.109929587725723,102.60584917795683,0.09139886731431103,0.16925447321545817,13.845832870415588,1.8533052171270792,2.152492584597466,1.4176119522489112,0.08913868758353363,15.296780312669515,0.029874482861247366,0.00022039772165086534,0.04283486223168731,0.016408929875687775
0.05212878495997886,-9.300186069158931,-7.073822673796924,-4.265828386916609,1.2861036607296936,-6.114628847123516,-4.241918893288773,-9.344906095834993,-6.4811671536200235,-12.721087963487488,-17.630417168012627,-12.360739058307782,-4.1088875047817215,102.60584917795683,0.09139886731431103,0.16925447321545817,13.845832870415588,1.8533052171270792,2.2054213409915326,1.4176119522489112,0.08740190304602906,15.296780312669515,0.029874482861247366,0.00022039772165086534,0.04283486223168731,0.016426038254267094
0.05212878495997886,-9.300186069158931,-7.073822673796924,-4.265828386916609,1.2861036607296936,-6.114628847123516,-4.241918893288773,-9.344906095834993,-6.4811671536200235,-12.721087963487488,-17.630417168012627,-12.360739058307782,-4.1088875047817215,102.60584917795683,0.09139886731431103,0.16925447321545817,13.845832870415588,1.8533052171270792,2.2054213409915326,1.4176119522489112,0.08740190304602906,15.296780312669515,0.029874482861247366,0.00022039772165086534,0.04283486223168731,0.016426038254267094
0.05212878495997886,-9.300186069158931,-7.073822673796924,-4.308124736535466,1.2861036607296936,-6.114628847123516,-4.241918893288773,-9.344906095834993,-6.4811671536200235,-12.721087963487488,-17.66190302564692,-12.360739058307782,-4.1088875047817215,102.60584917795683,0.09139886731431103,0.16925447321545817,13.280031850527692,1.8533052171270792,2.2054213409915326,1.4176119522489112,0.08740190304602906,15.296780312669515,0.029874482861247366,0.00021356641956163936,0.04283486223168731,0.016426038254267094
0.05212878495997886,-9.300186069158931,-7.091324315203676,-4.308124736535466,1.2861036607296936,-6.114628847123516,-4.241918893288773,-9.344906095834993,-6.4811671536200235,-12.721087963487488,-17.66190302564692,-12.360739058307782,-4.109937478064336,102.60584917795683,0.09139886731431103,0.1663204554723318,13.280031850527692,1.8533052171270792,2.2054213409915326,1.4176119522489112,0.08740190304602906,15.296780312669515,0.029874482861247366,0.00021356641956163936,0.04283486223168731,0.01640880040418557
0.05209957944077334,-9.300186069158931,-7.091324315203676,-4.302242523057392,1.2861036607296936,-6.114628847123516,-4.241918893288773,-9.344906095834993,-6.4811671536200235,-12.721087963487488,-18.744926805098828,-12.360739058307782,-4.111340482132355,102.60438989303444,0.09139886731431103,0.1663204554723318,13.357331535534838,1.8533052171270792,2.2054213409915326,1.4176119522489112,0.08740190304602906,15.296780312669515,0.029874482861247366,7.230722952608783e-05,0.04283486223168731,0.01638579493262599
0.05209957944077334,-9.300186069158931,-7.091324315203676,-4.302242523057392,1.2861036607296936,-6.114628847123516,-4.241918893288773,-9.344906095834993,-6.4811671536200235,-12.721087963487488,-18.744926805098828,-12.360739058307782,-4.111198378109769,102.60438989303444,0.09139886731431103,0.1663204554723318,13.357331535534838,1.8533052171270792,2.2054213409915326,1.4176119522489112,0.08740190304602906,15.296780312669515,0.029874482861247366,7.230722952608783e-05,0.04283486223168731,0.016388123585450727
0.05209957944077334,-9.300186069158931,-7.091324315203676,-4.302242523057392,1.2861036607296936,-6.114628847123516,-4.241918893288773,-9.344906095834993,-6.4811671536200235,-12.721087963487488,-18.744926805098828,-12.360739058307782,-4.111198378109769,102.60438989303444,0.09139886731431103,0.1663204554723318,13.357331535534838,1.8533052171270792,2.2054213409915326,1.4176119522489112,0.08740190304602906,15.296780312669515,0.029874482861247366,7.230722952608783e-05,0.04283486223168731,0.016388123585450727
0.05209957944077334,-9.300186069158931,-7.091324315203676,-4.302242523057392,1.2861036607296936,-6.114628847123516,-4.241918893288773,-9.344906095834993,-6.4811671536200235,-12.721087963487488,-17.395821058398077,-12.360739058307782,-4.111198378109769,102.60438989303444,0.09139886731431103,0.1663204554723318,13.357331535534838,1.8533052171270792,2.2054213409915326,1.4176119522489112,0.08740190304602906,15.296780312669515,0.029874482861247366,0.00027867043405890277,0.04283486223168731,0.016388123585450727
0.05209957944077334,-9.300186069158931,-7.091324315203676,-4.302242523057392,1.2861036607296936,-6.114628847123516,-4.241918893288773,-9.344906095834993,-6.4811671536200235,-12.721087963487488,-17.395821058398077,-12.360739058307782,-4.111198378109769,102.60438989303444,0.09139886731431103,0.1663204554723318,13.357331535534838,1.8533052171270792,2.2054213409915326,1.4176119522489112,0.08740190304602906,15.296780312669515,0.029874482861247366,0.00027867043405890277,0.04283486223168731,0.016388123585450727
0.0492703697096442,-9.300186069158931,-7.091324315203676,-4.302242523057392,1.2861036607296936,-6.114628847123516,-4.241918893288773,-9.392843618193613,-6.4811671536200235,-12.721087963487488,-17.393243728243128,-12.360739058307782,-4.111198378109769,102.46302024294016,0.09139886731431103,0.1663204554723318,13.357331535534838,1.8533052171270792,2.2054213409915326,1.4176119522489112,0.0833112525803222,15.296780312669515,0.029874482861247366,0.0002793895860998612,0.04283486223168731,0.016388123585450727
0.050505272072713575,-9.300186069158931,-7.091324315203676,-4.302242523057392,1.2861036607296936,-6.114628847123516,-4.241918893288773,-9.392843618193613,-6.4811671536200235,-12.721087963487488,-17.393243728243128,-12.360739058307782,-4.111198378109769,102.52472695733654,0.09139886731431103,0.1663204554723318,13.357331535534838,1.8533052171270792,2.2054213409915326,1.4176119522489112,0.0833112525803222,15.296780312669515,0.029874482861247366,0.0002793895860998612,0.04283486223168731,0.016388123585450727
0.050505272072713575,-9.300186069158931,-7.091324315203676,-4.302242523057392,1.2861036607296936,-6.114628847123516,-4.241918893288773,-9.392843618193613,-6.4811671536200235,-12.721087963487488,-17.393243728243128,-12.360739058307782,-4.111198378109769,102.52472695733654,0.09139886731431103,0.1663204554723318,13.357331535534838,1.8533052171270792,2.2054213409915326,1.4176119522489112,0.0833112525803222,15.296780312669515,0.029874482861247366,0.0002793895860998612,0.04283486223168731,0.016388123585450727
0.050505272072713575,-9.300186069158931,-7.091324315203676,-4.302242523057392,1.2861036607296936,-6.114628847123516,-4.241918893288773,-9.392843618193613,-6.4811671536200235,-12.721087963487488,-18.428976034411523,-12.360739058307782,-4.111198378109769,102.52472695733654,0.09139886731431103,0.1663204554723318,13.357331535534838,1.8533052171270792,2.2054213409915326,1.4176119522489112,0.0833112525803222,15.296780312669515,0.029874482861247366,9.91739010688543e-05,0.04283486223168731,0.016388123585450727
0.049677806181353514,-9.300186069158931,-7.091324315203676,-4.302242523057392,1.2861036607296936,-6.114628847123516,-4.241918893288773,-9.406515084917594,-6.4811671536200235,-12.721087963487488,-18.428976034411523,-12.360739058307782,-4.111198378109769,102.48337960558536,0.09139886731431103,0.1663204554723318,13.357331535534838,1.8533052171270792,2.2054213409915326,1.4176119522489112,0.08218010897941955,15.296780312669515,0.029874482861247366,9.91739010688543e-05,0.04283486223168731,0.016388123585450727
0.049677806181353514,-9.300186069158931,-7.091324315203676,-4.302242523057392,1.2861036607296936,-6.114628847123516,-4.66232171291984,-9.406515084917594,-6.4811671536200235,-12.721087963487488,-18.428976034411523,-12.360739058307782,-4.110329826018196,102.48337960558536,0.09139886731431103,0.1663204554723318,13.357331535534838,1.8533052171270792,2.2054213409915326,0.9356145284779993,0.08218010897941955,15.296780312669515,0.029874482861247366,9.91739010688543e-05,0.04283486223168731,0.016402363707716607
0.04732230191601609,-9.30451142897894,-7.091324315203676,-4.302242523057392,1.2861036607296936,-6.114628847123516,-4.66232171291984,-9.406515084917594,-6.4811671536200235,-12.718731891299123,-18.428976034411523,-12.360739058307782,-4.110329826018196,102.36567363809748,0.09100442397273803,0.1663204554723318,13.357331535534838,1.8533052171270792,2.2054213409915326,0.9356145284779993,0.08218010897941955,15.296780312669515,0.029944952071361386,9.91739010688543e-05,0.04283486223168731,0.016402363707716607
0.04732230191601609,-9.30451142897894,-7.091324315203676,-4.302242523057392,1.2861036607296936,-6.114628847123516,-4.66232171291984,-9.406515084917594,-6.4811671536200235,-12.718731891299123,-18.428976034411523,-12.360739058307782,-4.110329826018196,102.36567363809748,0.09100442397273803,0.1663204554723318,13.357331535534838,1.8533052171270792,2.2054213409915326,0.9356145284779993,0.08218010897941955,15.296780312669515,0.029944952071361386,9.91739010688543e-05,0.04283486223168731,0.016402363707716607
0.04732230191601609,-9.30451142897894,-7.091324315203676,-4.302242523057392,1.2861036607296936,-6.114628847123516,-4.66232171291984,-9.406515084917594,-6.4811671536200235,-12.684737895321202,-18.428976034411523,-12.129506229170119,-4.110329826018196,102.36567363809748,0.09100442397273803,0.1663204554723318,13.357331535534838,1.8533052171270792,2.2054213409915326,0.9356145284779993,0.08218010897941955,15.296780312669515,0.0309803972468148,9.91739010688543e-05,0.05397840309784143,0.016402363707716607
0.04732230191601609,-9.30451142897894,-7.091324315203676,-4.302242523057392,1.2861036607296936,-6.114628847123516,-4.66232171291984,-9.406515084917594,-6.4811671536200235,-12.684737895321202,-18.428976034411523,-12.303327325476287,-4.110329826018196,102.36567363809748,0.09100442397273803,0.1663204554723318,13.357331535534838,1.8533052171270792,2.2054213409915326,0.9356145284779993,0.08218010897941955,15.296780312669515,0.0309803972468148,9.91739010688543e-05,0.045366039153761945,0.016402363707716607
0.04717008165988288,-9.30451142897894,-7.090130007945013,-4.302242523057392,1.2861036607296936,-6.137508932711315,-4.66232171291984,-9.406515084917594,-6.4811671536200235,-12.684737895321202,-17.795990968870925,-12.303327325476287,-4.110329826018196,102.35806687104554,0.09100442397273803,0.1665190463804181,13.357331535534838,1.8533052171270792,2.1556415407808966,0.9356145284779993,0.08218010897941955,15.296780312669515,0.0309803972468148,0.00018676664359906824,0.045366039153761945,0.016402363707716607
0.04717008165988288,-9.30451142897894,-7.090130007945013,-4.302242523057392,1.2861036607296936,-6.137508932711315,-4.66232171291984,-9.406515084917594,-6.4811671536200235,-12.684737895321202,-17.795990968870925,-12.303327325476287,-4.110329826018196,102.35806687104554,0.09100442397273803,0.1665190463804181,13.357331535534838,1.8533052171270792,2.1556415407808966,0.9356145284779993,0.08218010897941955,15.296780312669515,0.0309803972468148,0.00018676664359906824,0.045366039153761945,0.016402363707716607
0.04356750864017636,-9.30451142897894,-7.090130007945013,-4.302242523057392,1.2861036607296936,-6.137508932711315,-4.66232171291984,-9.406515084917594,-6.4811671536200235,-12.684737895321202,-17.795990968870925,-12.303327325476287,-4.110329826018196,102.17803092781779,0.09100442397273803,0.1665190463804181,13.357331535534838,1.8533052171270792,2.1556415407808966,0.9356145284779993,0.08218010897941955,15.296780312669515,0.0309803972468148,0.00018676664359906824,0.045366039153761945,0.016402363707716607
0.04356750864017636,-9.30451142897894,-7.090130007945013,-4.302242523057392,1.2861036607296936,-6.137508932711315,-4.66232171291984,-9.365862358382277,-6.4811671536200235,-12.684737895321202,-19.732577809020263,-12.303327325476287,-4.110329826018196,102.17803092781779,0.09100442397273803,0.1665190463804181,13.357331535534838,1.8533052171270792,2.1556415407808966,0.9356145284779993,0.0855894995161613,15.296780312669515,0.0309803972468148,2.6930867467070023e-05,0.045366039153761945,0.016402363707716607
0.04356750864017636,-9.30451142897894,-7.090130007945013,-4.302242523057392,1.2861036607296936,-6.1568831938844575,-4.66232171291984,-9.365862358382277,-6.456727618899493,-12.684737895321202,-19.732577809020263,-12.303327325476287,-4.110329826018196,102.17803092781779,0.09100442397273803,0.1665190463804181,13.357331535534838,1.8533052171270792,2.1143670057944104,0.9356145284779993,0.0855894995161613,15.674639054292655,0.0309803972468148,2.6930867467070023e-05,0.045366039153761945,0.016402363707716607
0.04356750864017636,-9.30451142897894,-7.090130007945013,-4.3060598984913865,1.2861036607296936,-6.1568831938844575,-4.66232171291984,-9.365862358382277,-6.456727618899493,-12.684737895321202,-19.732577809020263,-12.303327325476287,-4.111136477585615,102.17803092781779,0.09100442397273803,0.1665190463804181,13.307116022151671,1.8533052171270792,2.1143670057944104,0.9356145284779993,0.0855894995161613,15.674639054292655,0.0309803972468148,2.6930867467070023e-05,0.045366039153761945,0.0163891380502882
0.041087645951130444,-9.30451142897894,-7.090130007945013,-4.3060598984913865,1.2861036607296936,-6.1568831938844575,-4.867879315492066,-9.365862358382277,-6.456727618899493,-12.684737895321202,-19.732577809020263,-12.303327325476287,-4.111136477585615,102.05409332990618,0.09100442397273803,0.1665190463804181,13.307116022151671,1.8533052171270792,2.1143670057944104,0.7630975768134609,0.0855894995161613,15.674639054292655,0.0309803972468148,2.6930867467070023e-05,0.045366039153761945,0.0163891380502882
0.037099473945276976,-9.288397898935928,-7.090130007945013,-4.3060598984913865,1.2861036607296936,-6.1568831938844575,-4.867879315492066,-9.365862358382277,-6.456727618899493,-12.684737895321202,-19.245922210759783,-12.34083022306983,-4.110449787670589,101.85476096554846,0.09248256795181556,0.1665190463804181,13.307116022151671,1.8533052171270792,2.1143670057944104,0.7630975768134609,0.0855894995161613,15.674639054292655,0.0309803972468148,4.381291841157326e-05,0.043696196349638845,0.016400396171079912
0.037099473945276976,-9.288397898935928,-7.091844422909818,-4.3060598984913865,1.2861036607296936,-6.1568831938844575,-4.867879315492066,-9.365862358382277,-6.456727618899493,-12.684737895321202,-19.245922210759783,-12.351695125109424,-4.110449787670589,101.85476096554846,0.09248256795181556,0.16623404529500588,13.307116022151671,1.8533052171270792,2.1143670057944104,0.7630975768134609,0.0855894995161613,15.674639054292655,0.0309803972468148,4.381291841157326e-05,0.04322401326529473,0.016400396171079912
0.037099473945276976,-9.288397898935928,-7.091844422909818,-4.3060598984913865,1.2861036607296936,-6.1568831938844575,-4.867879315492066,-9.365862358382277,-6.44966814173115,-12.684737895321202,-19.245922210759783,-12.351695125109424,-4.110449787670589,101.85476096554846,0.09248256795181556,0.16623404529500588,13.307116022151671,1.8533052171270792,2.1143670057944104,0.7630975768134609,0.0855894995161613,15.78551002172449,0.0309803972468148,4.381291841157326e-05,0.04322401326529473,0.016400396171079912
0.037099473945276976,-9.288397898935928,-7.091844422909818,-4.3060598984913865,1.2861036607296936,-6.1568831938844575,-4.867879315492066,-9.365862358382277,-6.44966814173115,-12.684737895321202,-19.245922210759783,-12.22660657475745,-4.111261937948227,101.85476096554846,0.09248256795181556,0.16623404529500588,13.307116022151671,1.8533052171270792,2.1143670057944104,0.7630975768134609,0.0855894995161613,15.78551002172449,0.0309803972468148,4.381291841157326e-05,0.04898353287414541,0.016387081992065105
0.037099473945276976,-9.288397898935928,-7.091844422909818,-4.3060598984913865,1.2861036607296936,-6.1568831938844575,-4.867879315492066,-9.365862358382277,-6.44966814173115,-12.684737895321202,-20.481538304994167,-12.22660657475745,-4.111261937948227,101.85476096554846,0.09248256795181556,0.16623404529500588,13.307116022151671,1.8533052171270792,2.1143670057944104,0.7630975768134609,0.0855894995161613,15.78551002172449,0.0309803972468148,1.2734471702557731e-05,0.04898353287414541,0.016387081992065105
0.03230947269228071,-9.288397898935928,-7.091844422909818,-4.3060598984913865,1.2861036607296936,-6.1568831938844575,-4.940879459525448,-9.365862358382277,-6.44966814173115,-12.684737895321202,-17.84282209139982,-12.22660657475745,-4.111261937948227,101.61533311626611,0.09248256795181556,0.16623404529500588,13.307116022151671,1.8533052171270792,2.1143670057944104,0.7097573311783582,0.0855894995161613,15.78551002172449,0.0309803972468148,0.00017822179620536003,0.04898353287414541,0.016387081992065105
0.03230947269228071,-9.286147331747937,-7.091844422909818,-4.3060598984913865,1.2861036607296936,-6.145478743915555,-5.2755281272192525,-9.365862358382277,-6.44966814173115,-12.684737895321202,-17.84282209139982,-12.083553794090365,-4.111261937948227,101.61533311626611,0.09269092126080147,0.16623404529500588,13.307116022151671,1.8533052171270792,2.138566358736999,0.5089221824860037,0.0855894995161613,15.78551002172449,0.0309803972468148,0.00017822179620536003,0.056516702005319885,0.016387081992065105
0.03230947269228071,-9.286147331747937,-7.091844422909818,-4.313777896005945,1.2861036607296936,-6.145478743915555,-5.472172180533741,-9.43479612974517,-6.44966814173115,-12.684737895321202,-17.39396829222114,-12.083553794090365,-4.111261937948227,101.61533311626611,0.09269092126080147,0.16623404529500588,13.206158160256503,1.8533052171270792,2.138566358736999,0.4184510819340769,0.07988870961310206,15.78551002172449,0.0309803972468148,0.0002791872237966646,0.056516702005319885,0.016387081992065105
0.03230947269228071,-9.286147331747937,-7.091844422909818,-4.313777896005945,1.2861036607296936,-6.145478743915555,-5.366035426465848,-9.394385936594908,-6.44966814173115,-12.684737895321202,-17.392096079670367,-12.083553794090365,-4.111261937948227,101.61533311626611,0.09269092126080147,0.16623404529500588,13.206158160256503,1.8533052171270792,2.138566358736999,0.46508877517608277,0.08318286981980182,15.78551002172449,0.0309803972468148,0.00027971041121265265,0.056516702005319885,0.016387081992065105
0.03230947269228071,-9.286147331747937,-7.091844422909818,-4.313777896005945,1.2861036607296936,-6.145478743915555,-5.366035426465848,-9.394385936594908,-6.44966814173115,-12.707909296772387,-20.112873693078626,-12.083553794090365,-4.111261937948227,101.61533311626611,0.09269092126080147,0.16623404529500588,13.206158160256503,1.8533052171270792,2.138566358736999,0.46508877517608277,0.08318286981980182,15.78551002172449,0.030270793207543147,1.84115325080524e-05,0.056516702005319885,0.016387081992065105
0.03230947269228071,-9.286147331747937,-7.091844422909818,-4.313777896005945,1.2861036607296936,-6.145478743915555,-5.28496429901134,-9.394385936594908,-6.44966814173115,-12.707909296772387,-19.27076133597961,-12.083553794090365,-4.1111240463130985,101.61533311626611,0.09269092126080147,0.16623404529500588,13.206158160256503,1.8533052171270792,2.138566358736999,0.5041665894037735,0.08318286981980182,15.78551002172449,0.030270793207543147,4.2738048527435396e-05,0.056516702005319885,0.016389341789395977
0.03230947269228071,-9.286147331747937,-7.091844422909818,-4.313777896005945,1.2861036607296936,-6.145478743915555,-5.28496429901134,-9.394385936594908,-6.44966814173115,-12.707909296772387,-19.27076133597961,-12.083553794090365,-4.1111240463130985,101.61533311626611,0.09269092126080147,0.16623404529500588,13.206158160256503,1.8533052171270792,2.138566358736999,0.5041665894037735,0.08318286981980182,15.78551002172449,0.030270793207543147,4.2738048527435396e-05,0.056516702005319885,0.016389341789395977
0.033759782603867174,-9.286147331747937,-7.091844422909818,-4.286144111693998,1.2861036607296936,-6.145478743915555,-5.223748241195705,-9.394385936594908,-6.44966814173115,-12.707909296772387,-19.27076133597961,-12.083553794090365,-4.1117903890622305,101.68782882847138,0.09269092126080147,0.16623404529500588,13.571161666475923,1.8533052171270792,2.138566358736999,0.5358233753685822,0.08318286981980182,15.78551002172449,0.030270793207543147,4.2738048527435396e-05,0.056516702005319885,0.016378424508061148
0.033759782603867174,-9.286147331747937,-7.091844422909818,-4.286144111693998,1.2861036607296936,-6.145478743915555,-5.223748241195705,-9.394385936594908,-6.44966814173115,-12.707909296772387,-19.45503265812485,-12.083553794090365,-4.1117903890622305,101.68782882847138,0.09269092126080147,0.16623404529500588,13.571161666475923,1.8533052171270792,2.138566358736999,0.5358233753685822,0.08318286981980182,15.78551002172449,0.030270793207543147,3.554566714608593e-05,0.056516702005319885,0.016378424508061148
0.033759782603867174,-9.286147331747937,-7.090594734380209,-4.286144111693998,1.2861036607296936,-6.145478743915555,-5.223748241195705,-9.394385936594908,-6.44966814173115,-12.707909296772387,-19.45503265812485,-12.083553794090365,-4.112273599542969,101.68782882847138,0.09269092126080147,0.16644174294260775,13.571161666475923,1.8533052171270792,2.138566358736999,0.5358233753685822,0.08318286981980182,15.78551002172449,0.030270793207543147,3.554566714608593e-05,0.056516702005319885,0.016370512193491484
0.033759782603867174,-9.286147331747937,-7.090594734380209,-4.296454426663671,1.2861036607296936,-6.145478743915555,-5.223748241195705,-9.394385936594908,-6.44966814173115,-12.707909296772387,-18.45350606937542,-12.083553794090365,-4.111717116760324,101.68782882847138,0.09269092126080147,0.16644174294260775,13.433827611257696,1.8533052171270792,2.138566358736999,0.5358233753685822,0.08318286981980182,15.78551002172449,0.030270793207543147,9.677075693742733e-05,0.056516702005319885,0.016379624636894023
0.033759782603867174,-9.286147331747937,-7.090594734380209,-4.296454426663671,1.2861036607296936,-6.144266281779363,-5.435395612238758,-9.455537013107675,-6.46455365511885,-12.707909296772387,-18.45350606937542,-12.083553794090365,-4.111717116760324,101.68782882847138,0.09269092126080147,0.16644174294260775,13.433827611257696,1.8533052171270792,2.1411553067888778,0.43405871712451866,0.0782489407708764,15.552637562718182,0.030270793207543147,9.677075693742733e-05,0.056516702005319885,0.016379624636894023
0.033759782603867174,-9.286147331747937,-7.090594734380209,-4.296454426663671,1.2861036607296936,-6.163426537464938,-5.435395612238758,-9.455537013107675,-6.46455365511885,-12.707909296772387,-18.45350606937542,-12.083553794090365,-4.111717116760324,101.68782882847138,0.09269092126080147,0.16644174294260775,13.433827611257696,1.8533052171270792,2.1006061082068594,0.43405871712451866,0.0782489407708764,15.552637562718182,0.030270793207543147,9.677075693742733e-05,0.056516702005319885,0.016379624636894023
0.033759782603867174,-9.286147331747937,-7.0836818956390575,-4.296454426663671,1.2861036607296936,-6.117436578818481,-6.016754037136213,-9.455537013107675,-6.450890220213609,-12.707909296772387,-18.45350606937542,-12.083553794090365,-4.111717116760324,101.68782882847138,0.09269092126080147,0.16759534645151505,13.433827611257696,1.8533052171270792,2.1992513936968274,0.24316417314283797,0.0782489407708764,15.766261068756119,0.030270793207543147,9.677075693742733e-05,0.056516702005319885,0.016379624636894023
0.033759782603867174,-9.286147331747937,-7.0836818956390575,-4.296454426663671,1.2861036607296936,-6.117436578818481,-6.229327433585103,-9.455537013107675,-6.445353678220185,-12.707909296772387,-22.353883018598808,-12.083553794090365,-4.111717116760324,101.68782882847138,0.09269092126080147,0.16759534645151505,13.433827611257696,1.8533052171270792,2.1992513936968274,0.19669006070387177,0.0782489407708764,15.853654954507164,0.030270793207543147,1.9580868725865934e-06,0.056516702005319885,0.016379624636894023
0.033759782603867174,-9.286147331747937,-7.0836818956390575,-4.296454426663671,1.2861036607296936,-6.117436578818481,-6.213522010531174,-9.455537013107675,-6.445353678220185,-12.707909296772387,-22.04114243220598,-12.083553794090365,-4.111717116760324,101.68782882847138,0.09269092126080147,0.16759534645151505,13.433827611257696,1.8533052171270792,2.1992513936968274,0.19981726677205128,0.0782489407708764,15.853654954507164,0.030270793207543147,2.677031409234011e-06,0.056516702005319885,0.016379624636894023
0.03366772261552923,-9.286147331747937,-7.0836818956390575,-4.296454426663671,1.2861036607296936,-6.117436578818481,-6.213522010531174,-9.455537013107675,-6.472928327653114,-12.707909296772387,-19.36270914610267,-12.083553794090365,-4.111717116760324,101.68322713676955,0.09269092126080147,0.16759534645151505,13.433827611257696,1.8533052171270792,2.1992513936968274,0.19981726677205128,0.0782489407708764,15.423133234761137,0.030270793207543147,3.8983628655708805e-05,0.056516702005319885,0.016379624636894023
0.03366772261552923,-9.286147331747937,-7.0836818956390575,-4.296454426663671,1.2861036607296936,-6.117436578818481,-6.075325718069642,-9.455537013107675,-6.472928327653114,-12.707909296772387,-19.36270914610267,-12.083553794090365,-4.111717116760324,101.68322713676955,0.09269092126080147,0.16759534645151505,13.433827611257696,1.8533052171270792,2.1992513936968274,0.22936244647578946,0.0782489407708764,15.423133234761137,0.030270793207543147,3.8983628655708805e-05,0.056516702005319885,0.016379624636894023
0.03366772261552923,-9.286147331747937,-7.0836818956390575,-4.290181214773486,1.2861036607296936,-6.117436578818481,-6.024305171550862,-9.455537013107675,-6.472928327653114,-12.707909296772387,-19.917315491043514,-12.029600672726323,-4.110939986546942,101.68322713676955,0.09269092126080147,0.16759534645151505,13.517223023138655,1.8533052171270792,2.1992513936968274,0.24133933763596213,0.0782489407708764,15.423133234761137,0.030270793207543147,2.2388231395258013e-05,0.059649693680195987,0.016392358685449266
0.03366772261552923,-9.286147331747937,-7.0836818956390575,-4.290181214773486,1.2861036607296936,-6.117436578818481,-5.775503415498141,-9.455537013107675,-6.448376187123397,-12.707909296772387,-20.333120193206838,-12.109925091560127,-4.110939986546942,101.68322713676955,0.09269092126080147,0.16759534645151505,13.517223023138655,1.8533052171270792,2.1992513936968274,0.3093038779258993,0.0782489407708764,15.805885108363446,0.030270793207543147,1.4771959203723251e-05,0.055045771862006314,0.016392358685449266
0.03366772261552923,-9.286147331747937,-7.0836818956390575,-4.290181214773486,1.2861036607296936,-6.117436578818481,-5.775503415498141,-9.393817165406448,-6.448376187123397,-12.707909296772387,-19.293006301965022,-12.109925091560127,-4.113541366586902,101.68322713676955,0.09269092126080147,0.16759534645151505,13.517223023138655,1.8533052171270792,2.1992513936968274,0.3093038779258993,0.08323019135802835,15.805885108363446,0.030270793207543147,4.179783833817095e-05,0.055045771862006314,0.016349771347698605
0.03366772261552923,-9.286147331747937,-7.0836818956390575,-4.290181214773486,1.2861036607296936,-6.117436578818481,-5.775503415498141,-9.393817165406448,-6.44595122203443,-12.707909296772387,-19.293006301965022,-12.109925091560127,-4.112342206387361,101.68322713676955,0.09269092126080147,0.16759534645151505,13.517223023138655,1.8533052171270792,2.1992513936968274,0.3093038779258993,0.08323019135802835,15.844199535962492,0.030270793207543147,4.179783833817095e-05,0.055045771862006314,0.016369389102835096
0.03366772261552923,-9.286147331747937,-7.0836818956390575,-4.290181214773486,1.2861036607296936,-6.117436578818481,-5.6571093610578655,-9.393817165406448,-6.44595122203443,-12.707909296772387,-19.293006301965022,-12.109925091560127,-4.111827661641156,101.68322713676955,0.09269092126080147,0.16759534645151505,13.517223023138655,1.8533052171270792,2.1992513936968274,0.3480442374164865,0.08323019135802835,15.844199535962492,0.030270793207543147,4.179783833817095e-05,0.055045771862006314,0.016377814053317678
0.03366772261552923,-9.286147331747937,-7.0836818956390575,-4.290181214773486,1.2844637866394018,-6.117436578818481,-6.042506536905453,-9.393817165406448,-6.44595122203443,-12.707909296772387,-19.293006301965022,-12.109925091560127,-4.111827661641156,101.68322713676955,0.09269092126080147,0.16759534645151505,13.517223023138655,1.8171249700799141,2.1992513936968274,0.2369966837475419,0.08323019135802835,15.844199535962492,0.030270793207543147,4.179783833817095e-05,0.055045771862006314,0.016377814053317678
0.03366772261552923,-9.286147331747937,-7.0836818956390575,-4.290181214773486,1.2844637866394018,-6.117436578818481,-6.267298683277106,-9.393817165406448,-6.44595122203443,-12.707909296772387,-19.293006301965022,-12.109925091560127,-4.111827661641156,101.68322713676955,0.09269092126080147,0.16759534645151505,13.517223023138655,1.8171249700799141,2.1992513936968274,0.18937538937750586,0.08323019135802835,15.844199535962492,0.030270793207543147,4.179783833817095e-05,0.055045771862006314,0.016377814053317678
0.03366772261552923,-9.286147331747937,-7.0836818956390575,-4.290181214773486,1.2844637866394018,-6.117436578818481,-6.150251405464191,-9.393817165406448,-6.44595122203443,-12.707909296772387,-19.293006301965022,-12.109925091560127,-4.111827661641156,101.68322713676955,0.09269092126080147,0.16759534645151505,13.517223023138655,1.8171249700799141,2.1992513936968274,0.21284056951977054,0.08323019135802835,15.844199535962492,0.030270793207543147,4.179783833817095e-05,0.055045771862006314,0.016377814053317678
0.03366772261552923,-9.286147331747937,-7.0836818956390575,-4.290181214773486,1.2844637866394018,-6.117436578818481,-6.061208624768158,-9.393817165406448,-6.44595122203443,-12.721611480916005,-19.264741248545832,-12.109925091560127,-4.111946696484235,101.68322713676955,0.09269092126080147,0.16759534645151505,13.517223023138655,1.8171249700799141,2.1992513936968274,0.23261575519636293,0.08323019135802835,15.844199535962492,0.029858847188630914,4.299611131610863e-05,0.055045771862006314,0.016375864638818283
0.03366772261552923,-9.286147331747937,-7.0836818956390575,-4.290181214773486,1.2844637866394018,-6.117436578818481,-6.086050870959363,-9.393817165406448,-6.44595122203443,-12.721611480916005,-19.264741248545832,-12.109925091560127,-4.111946696484235,101.68322713676955,0.09269092126080147,0.16759534645151505,13.517223023138655,1.8171249700799141,2.1992513936968274,0.2269211961049121,0.08323019135802835,15.844199535962492,0.029858847188630914,4.299611131610863e-05,0.055045771862006314,0.016375864638818283
0.03366772261552923,-9.286147331747937,-7.0836818956390575,-4.290181214773486,1.2844637866394018,-6.117436578818481,-5.736814272351528,-9.393817165406448,-6.44595122203443,-12.721611480916005,-19.264741248545832,-12.109925091560127,-4.111845491389276,101.68322713676955,0.09269092126080147,0.16759534645151505,13.517223023138655,1.8171249700799141,2.1992513936968274,0.32146586243528236,0.08323019135802835,15.844199535962492,0.029858847188630914,4.299611131610863e-05,0.055045771862006314,0.01637752204362159
0.03366772261552923,-9.286147331747937,-7.0836818956390575,-4.290181214773486,1.2853842129675284,-6.117436578818481,-5.803044345137951,-9.393817165406448,-6.44595122203443,-12.721611480916005,-19.264741248545832,-12.152625716497077,-4.110231069567631,101.68322713676955,0.09269092126080147,0.16759534645151505,13.517223023138655,1.8374363102839453,2.1992513936968274,0.30092688072862345,0.08323019135802835,15.844199535962492,0.029858847188630914,4.299611131610863e-05,0.05274477208071584,0.016403983626924672
0.03366772261552923,-9.286147331747937,-7.0836818956390575,-4.290181214773486,1.2853842129675284,-6.117436578818481,-5.803044345137951,-9.393817165406448,-6.44595122203443,-12.721611480916005,-19.264741248545832,-12.152625716497077,-4.110231069567631,101.68322713676955,0.09269092126080147,0.16759534645151505,13.517223023138655,1.8374363102839453,2.1992513936968274,0.30092688072862345,0.08323019135802835,15.844199535962492,0.029858847188630914,4.299611131610863e-05,0.05274477208071584,0.016403983626924672
0.03366772261552923,-9.286147331747937,-7.086539801128599,-4.290181214773486,1.2853842129675284,-6.117436578818481,-5.833691982914466,-9.393817165406448,-6.434836839830507,-12.721611480916005,-19.264741248545832,-12.152625716497077,-4.110231069567631,101.68322713676955,0.09269092126080147,0.16711745821847193,13.517223023138655,1.8374363102839453,2.1992513936968274,0.2918705868937257,0.08323019135802835,16.02099657294478,0.029858847188630914,4.299611131610863e-05,0.05274477208071584,0.016403983626924672
0.03366772261552923,-9.286147331747937,-7.086539801128599,-4.290181214773486,1.2853842129675284,-6.117436578818481,-5.948471562729492,-9.393817165406448,-6.434836839830507,-12.721611480916005,-19.264741248545832,-12.152625716497077,-4.110231069567631,101.68322713676955,0.09269092126080147,0.16711745821847193,13.517223023138655,1.8374363102839453,2.1992513936968274,0.2603032963288618,0.08323019135802835,16.02099657294478,0.029858847188630914,4.299611131610863e-05,0.05274477208071584,0.016403983626924672
0.031343629512426655,-9.286147331747937,-7.086539801128599,-4.290181214773486,1.2853842129675284,-6.117436578818481,-5.948471562729492,-9.393817165406448,-6.434836839830507,-12.721611480916005,-17.67823015196271,-12.152625716497077,-4.110231069567631,101.56705318528311,0.09269092126080147,0.16711745821847193,13.517223023138655,1.8374363102839453,2.1992513936968274,0.2603032963288618,0.08323019135802835,16.02099657294478,0.029858847188630914,0.00021010780517425112,0.05274477208071584,0.016403983626924672
0.031343629512426655,-9.286147331747937,-7.086539801128599,-4.290181214773486,1.2853842129675284,-6.117436578818481,-5.9706149894009775,-9.380516910113247,-6.434836839830507,-12.738047909973705,-17.67823015196271,-12.152625716497077,-4.110231069567631,101.56705318528311,0.09269092126080147,0.16711745821847193,13.517223023138655,1.8374363102839453,2.1992513936968274,0.25461715321055306,0.08434447448227687,16.02099657294478,0.02937208706408951,0.00021010780517425112,0.05274477208071584,0.016403983626924672
0.031343629512426655,-9.286147331747937,-7.086539801128599,-4.290181214773486,1.2853842129675284,-6.117436578818481,-5.9706149894009775,-9.380516910113247,-6.434836839830507,-12.738047909973705,-17.67823015196271,-12.152625716497077,-4.110231069567631,101.56705318528311,0.09269092126080147,0.16711745821847193,13.517223023138655,1.8374363102839453,2.1992513936968274,0.25461715321055306,0.08434447448227687,16.02099657294478,0.02937208706408951,0.00021010780517425112,0.05274477208071584,0.016403983626924672
0.031343629512426655,-9.286147331747937,-7.086539801128599,-4.290181214773486,1.2853842129675284,-6.117436578818481,-5.9706149894009775,-9.380516910113247,-6.434836839830507,-12.738047909973705,-19.217305554848725,-12.152625716497077,-4.1116707668352275,101.56705318528311,0.09269092126080147,0.16711745821847193,13.517223023138655,1.8374363102839453,2.1992513936968274,0.25461715321055306,0.08434447448227687,16.02099657294478,0.02937208706408951,4.5084809454573476e-05,0.05274477208071584,0.01638038384886362
0.031343629512426655,-9.286147331747937,-7.086539801128599,-4.290181214773486,1.2853842129675284,-6.1232774747584235,-5.9706149894009775,-9.380516910113247,-6.434836839830507,-12.685212427298792,-16.622242628575084,-12.152625716497077,-4.1116707668352275,101.56705318528311,0.09269092126080147,0.16711745821847193,13.517223023138655,1.8374363102839453,2.186471241794952,0.25461715321055306,0.08434447448227687,16.02099657294478,0.030965699590695728,0.0006040205623392143,0.05274477208071584,0.01638038384886362
0.032524049994899926,-9.286147331747937,-7.086539801128599,-4.290181214773486,1.2853842129675284,-6.1232774747584235,-6.117014630155796,-9.380516910113247,-6.434836839830507,-12.695314485077953,-22.004210862216052,-12.152625716497077,-4.109045991716663,101.62605916328302,0.09269092126080147,0.16711745821847193,13.517223023138655,1.8374363102839453,2.186471241794952,0.22001775185547992,0.08434447448227687,16.02099657294478,0.03065445800033399,2.7777467221587386e-06,0.05274477208071584,0.016423435148095557
0.032524049994899926,-9.286147331747937,-7.086539801128599,-4.290181214773486,1.2853842129675284,-6.1232774747584235,-6.45941705816348,-9.380516910113247,-6.434836839830507,-12.695314485077953,-22.004210862216052,-12.152625716497077,-4.110819235973426,101.62605916328302,0.09269092126080147,0.16711745821847193,13.517223023138655,1.8374363102839453,2.186471241794952,0.1563260551402975,0.08434447448227687,16.02099657294478,0.03065445800033399,2.7777467221587386e-06,0.05274477208071584,0.016394338191672665
0.032524049994899926,-9.286147331747937,-7.086539801128599,-4.290181214773486,1.2853842129675284,-6.1232774747584235,-6.45941705816348,-9.380516910113247,-6.434836839830507,-12.695314485077953,-20.697305880882315,-12.152625716497077,-4.110819235973426,101.62605916328302,0.09269092126080147,0.16711745821847193,13.517223023138655,1.8374363102839453,2.186471241794952,0.1563260551402975,0.08434447448227687,16.02099657294478,0.03065445800033399,1.0262998495118613e-05,0.05274477208071584,0.016394338191672665
0.032524049994899926,-9.286147331747937,-7.086539801128599,-4.312713013431993,1.2853842129675284,-6.1232774747584235,-6.565229628984424,-9.380516910113247,-6.434836839830507,-12.695314485077953,-17.830909584581644,-12.202663786713057,-4.110819235973426,101.62605916328302,0.09269092126080147,0.16711745821847193,13.220042645750047,1.8374363102839453,2.186471241794952,0.1406519397984089,0.08434447448227687,16.02099657294478,0.03065445800033399,0.00018035756042568768,0.05017048207020849,0.016394338191672665
0.032524049994899926,-9.286147331747937,-7.086539801128599,-4.2469014602292425,1.2853842129675284,-6.1232774747584235,-6.515462768675521,-9.380516910113247,-6.400429251496732,-12.695314485077953,-17.830909584581644,-12.202663786713057,-4.112210514428475,101.62605916328302,0.09269092126080147,0.16711745821847193,14.106655657860182,1.8374363102839453,2.186471241794952,0.1478182413862632,0.08434447448227687,16.580903705068707,0.03065445800033399,0.00018035756042568768,0.05017048207020849,0.016371544961703344
0.032524049994899926,-9.28691014374417,-7.086539801128599,-4.2469014602292425,1.2853842129675284,-6.1232774747584235,-6.67076349612819,-9.380516910113247,-6.400429251496732,-12.695314485077953,-17.830909584581644,-12.202663786713057,-4.112210514428475,101.62605916328302,0.09262024902114882,0.16711745821847193,14.106655657860182,1.8374363102839453,2.186471241794952,0.12658263558810967,0.08434447448227687,16.580903705068707,0.03065445800033399,0.00018035756042568768,0.05017048207020849,0.016371544961703344
0.032524049994899926,-9.286714742081362,-7.086539801128599,-4.266847189716755,1.2853842129675284,-6.1232774747584235,-6.66003450286014,-9.380516910113247,-6.400429251496732,-12.695314485077953,-17.830909584581644,-12.202663786713057,-4.112210514428475,101.62605916328302,0.09263834726339018,0.16711745821847193,13.8319288966093,1.8374363102839453,2.186471241794952,0.12794630450519295,0.08434447448227687,16.580903705068707,0.03065445800033399,0.00018035756042568768,0.05017048207020849,0.016371544961703344
0.032524049994899926,-9.286714742081362,-7.086539801128599,-4.266847189716755,1.2853842129675284,-6.1232774747584235,-6.955267173193414,-9.380516910113247,-6.379454070941099,-12.695314485077953,-17.830909584581644,-12.175687993776265,-4.111324585539791,101.62605916328302,0.09263834726339018,0.16711745821847193,13.8319288966093,1.8374363102839453,2.186471241794952,0.09526906457839386,0.08434447448227687,16.93176915773802,0.03065445800033399,0.00018035756042568768,0.051542283154863776,0.01638605541300224
0.03299049958106003,-9.286714742081362,-7.086539801128599,-4.266847189716755,1.2864688284232682,-6.1232774747584235,-6.583716168589117,-9.380516910113247,-6.379454070941099,-12.695314485077953,-17.830909584581644,-12.175687993776265,-4.110947695256744,101.6493753871214,0.09263834726339018,0.16711745821847193,13.8319288966093,1.8613572690341929,2.186471241794952,0.1380792160824681,0.08434447448227687,16.93176915773802,0.03065445800033399,0.00018035756042568768,0.051542283154863776,0.01639223232200024
0.03299049958106003,-9.286714742081362,-7.086539801128599,-4.266847189716755,1.2864688284232682,-6.1232774747584235,-6.583716168589117,-9.380516910113247,-6.379454070941099,-12.709046990597423,-17.830909584581644,-12.175687993776265,-4.110947695256744,101.6493753871214,0.09263834726339018,0.16711745821847193,13.8319288966093,1.8613572690341929,2.186471241794952,0.1380792160824681,0.08434447448227687,16.93176915773802,0.0302363740001351,0.00018035756042568768,0.051542283154863776,0.01639223232200024
0.02749550615373107,-9.286714742081362,-7.086539801128599,-4.2740917763191675,1.2864688284232682,-6.1232774747584235,-6.822139995245478,-9.380516910113247,-6.379454070941099,-12.709046990597423,-17.830909584581644,-12.175687993776265,-4.110947695256744,101.374688703062,0.09263834726339018,0.16711745821847193,13.733455602666837,1.8613572690341929,2.186471241794952,0.10882016698178706,0.08434447448227687,16.93176915773802,0.0302363740001351,0.00018035756042568768,0.051542283154863776,0.01639223232200024
0.02749550615373107,-9.286714742081362,-7.086539801128599,-4.2740917763191675,1.2864688284232682,-6.1232774747584235,-7.407262383137037,-9.380516910113247,-6.413869057854015,-12.709046990597423,-20.114529122744354,-12.175687993776265,-4.110947695256744,101.374688703062,0.09263834726339018,0.16711745821847193,13.733455602666837,1.8613572690341929,2.186471241794952,0.060646167089637985,0.08434447448227687,16.359912506983896,0.0302363740001351,1.8381078725005768e-05,0.051542283154863776,0.01639223232200024
0.02913084022255573,-9.286714742081362,-7.086539801128599,-4.2740917763191675,1.2864688284232682,-6.1232774747584235,-7.458543109392364,-9.380516910113247,-6.413869057854015,-12.709046990597423,-20.114529122744354,-12.175687993776265,-4.110947695256744,101.45643901736167,0.09263834726339018,0.16711745821847193,13.733455602666837,1.8613572690341929,2.186471241794952,0.05761632952587298,0.08434447448227687,16.359912506983896,0.0302363740001351,1.8381078725005768e-05,0.051542283154863776,0.01639223232200024
0.02913084022255573,-9.286714742081362,-7.080640820283139,-4.2740917763191675,1.2864688284232682,-6.1232774747584235,-7.3637246568709465,-9.380516910113247,-6.413869057854015,-12.709046990597423,-19.509292779633096,-12.175687993776265,-4.110947695256744,101.45643901736167,0.09263834726339018,0.16810536324469913,13.733455602666837,1.8613572690341929,2.186471241794952,0.06334317560074122,0.08434447448227687,16.359912506983896,0.0302363740001351,3.3668347307115735e-05,0.051542283154863776,0.01639223232200024
0.02560478473517798,-9.286714742081362,-7.090119979719484,-4.282492826567139,1.2864688284232682,-6.13618794475064,-7.3637246568709465,-9.380516910113247,-6.396400828300704,-12.709046990597423,-19.509292779633096,-12.175687993776265,-4.110947695256744,101.28016929707364,0.09263834726339018,0.16652071488897935,13.620128281299328,1.8613572690341929,2.1584848484271375,0.06334317560074122,0.08434447448227687,16.647721899498844,0.0302363740001351,3.3668347307115735e-05,0.051542283154863776,0.01639223232200024
0.02560478473517798,-9.286714742081362,-7.090119979719484,-4.282492826567139,1.2864688284232682,-6.13618794475064,-8.104384085286213,-9.380516910113247,-6.396400828300704,-12.709046990597423,-19.323206762929814,-12.175687993776265,-4.110947695256744,101.28016929707364,0.09263834726339018,0.16652071488897935,13.620128281299328,1.8613572690341929,2.1584848484271375,0.030212000531128755,0.08434447448227687,16.647721899498844,0.0302363740001351,4.0554395144241646e-05,0.051542283154863776,0.01639223232200024
0.02560478473517798,-9.286714742081362,-7.090119979719484,-4.282492826567139,1.2864688284232682,-6.13618794475064,-8.049662248096636,-9.380516910113247,-6.396400828300704,-12.709046990597423,-19.323206762929814,-12.175687993776265,-4.110947695256744,101.28016929707364,0.09263834726339018,0.16652071488897935,13.620128281299328,1.8613572690341929,2.1584848484271375,0.03191078556373302,0.08434447448227687,16.647721899498844,0.0302363740001351,4.0554395144241646e-05,0.051542283154863776,0.01639223232200024
0.02560478473517798,-9.286714742081362,-7.090119979719484,-4.269360107748408,1.2864688284232682,-6.13618794475064,-8.749251634962485,-9.380516910113247,-6.396400828300704,-12.709046990597423,-19.323206762929814,-12.175687993776265,-4.110947695256744,101.28016929707364,0.09263834726339018,0.16652071488897935,13.79769301423291,1.8613572690341929,2.1584848484271375,0.01585548128001847,0.08434447448227687,16.647721899498844,0.0302363740001351,4.0554395144241646e-05,0.051542283154863776,0.01639223232200024
0.02560478473517798,-9.283474819140865,-7.090119979719484,-4.269360107748408,1.2864688284232682,-6.13618794475064,-8.259858695002212,-9.380516910113247,-6.396400828300704,-12.709046990597423,-20.494067208263914,-12.175687993776265,-4.109130087805257,101.28016929707364,0.09293894717237834,0.16652071488897935,13.79769301423291,1.8613572690341929,2.1584848484271375,0.025862863753672156,0.08434447448227687,16.647721899498844,0.0302363740001351,1.2575918064257812e-05,0.051542283154863776,0.01642205405951121
0.02560478473517798,-9.283474819140865,-7.090119979719484,-4.269360107748408,1.2864688284232682,-6.155284458540872,-8.259858695002212,-9.380516910113247,-6.396400828300704,-12.709046990597423,-20.494067208263914,-12.175687993776265,-4.109130087805257,101.28016929707364,0.09293894717237834,0.16652071488897935,13.79769301423291,1.8613572690341929,2.117742858249891,0.025862863753672156,0.08434447448227687,16.647721899498844,0.0302363740001351,1.2575918064257812e-05,0.051542283154863776,0.01642205405951121
0.02560478473517798,-9.283474819140865,-7.090119979719484,-4.269612979562699,1.2864688284232682,-6.155284458540872,-8.218345890288658,-9.380516910113247,-6.396400828300704,-12.709046990597423,-20.535455591419694,-12.175687993776265,-4.109130087805257,101.28016929707364,0.09293894717237834,0.16652071488897935,13.794252530390994,1.8613572690341929,2.117742858249891,0.026958804734534582,0.08434447448227687,16.647721899498844,0.0302363740001351,1.2066045335613735e-05,0.051542283154863776,0.01642205405951121
0.02560478473517798,-9.283474819140865,-7.090119979719484,-4.269612979562699,1.2864688284232682,-6.155284458540872,-7.464838630909399,-9.380516910113247,-6.439369428557236,-12.709046990597423,-20.535455591419694,-12.175687993776265,-4.110451098804642,101.28016929707364,0.09293894717237834,0.16652071488897935,13.794252530390994,1.8613572690341929,2.117742858249891,0.057254951087966764,0.08434447448227687,15.94865985834538,0.0302363740001351,1.2066045335613735e-05,0.051542283154863776,0.016400374667976107
0.02560478473517798,-9.283474819140865,-7.090119979719484,-4.269612979562699,1.2864688284232682,-6.155284458540872,-7.810066064269308,-9.380516910113247,-6.439369428557236,-12.709046990597423,-20.535455591419694,-12.175687993776265,-4.110451098804642,101.28016929707364,0.09293894717237834,0.16652071488897935,13.794252530390994,1.8613572690341929,2.117742858249891,0.0405466779206704,0.08434447448227687,15.94865985834538,0.0302363740001351,1.2066045335613735e-05,0.051542283154863776,0.016400374667976107
0.02560478473517798,-9.283474819140865,-7.090119979719484,-4.269612979562699,1.2864688284232682,-6.155284458540872,-8.012153379772034,-9.380516910113247,-6.359055073819357,-12.699794080999318,-20.535455591419694,-12.175687993776265,-4.110451098804642,101.28016929707364,0.09293894717237834,0.16652071488897935,13.794252530390994,1.8613572690341929,2.117742858249891,0.03313005014205554,0.08434447448227687,17.280104192311708,0.030517445942811174,1.2066045335613735e-05,0.051542283154863776,0.016400374667976107
0.02560478473517798,-9.283474819140865,-7.090119979719484,-4.269612979562699,1.2864688284232682,-6.155284458540872,-7.8917845354394975,-9.380516910113247,-6.359055073819357,-12.699794080999318,-18.109184391034617,-12.175687993776265,-4.110451098804642,101.28016929707364,0.09293894717237834,0.16652071488897935,13.794252530390994,1.8613572690341929,2.117742858249891,0.03736622410037799,0.08434447448227687,17.280104192311708,0.030517445942811174,0.0001365466787800012,0.051542283154863776,0.016400374667976107
0.02560478473517798,-9.283474819140865,-7.090119979719484,-4.287155778451533,1.2864688284232682,-6.155284458540872,-7.8917845354394975,-9.380516910113247,-6.359055073819357,-12.699794080999318,-18.109184391034617,-12.175687993776265,-4.110451098804642,101.28016929707364,0.09293894717237834,0.16652071488897935,13.557625161048975,1.8613572690341929,2.117742858249891,0.03736622410037799,0.08434447448227687,17.280104192311708,0.030517445942811174,0.0001365466787800012,0.051542283154863776,0.016400374667976107
0.02560478473517798,-9.283474819140865,-7.090119979719484,-4.287155778451533,1.2864688284232682,-6.155284458540872,-8.41113499499691,-9.380516910113247,-6.359055073819357,-12.699794080999318,-18.109184391034617,-12.175687993776265,-4.113516677809808,101.28016929707364,0.09293894717237834,0.16652071488897935,13.557625161048975,1.8613572690341929,2.117742858249891,0.022232787581189278,0.08434447448227687,17.280104192311708,0.030517445942811174,0.0001365466787800012,0.051542283154863776,0.016350175008541867
0.02560478473517798,-9.283474819140865,-7.090119979719484,-4.287155778451533,1.2864688284232682,-6.155284458540872,-8.419024898615938,-9.380516910113247,-6.359055073819357,-12.699794080999318,-18.109184391034617,-12.175687993776265,-4.113516677809808,101.28016929707364,0.09293894717237834,0.16652071488897935,13.557625161048975,1.8613572690341929,2.117742858249891,0.022058101756462143,0.08434447448227687,17.280104192311708,0.030517445942811174,0.0001365466787800012,0.051542283154863776,0.016350175008541867
0.02560478473517798,-9.283474819140865,-7.090119979719484,-4.287155778451533,1.2864688284232682,-6.155284458540872,-9.088930242444018,-9.380516910113247,-6.359055073819357,-12.699794080999318,-18.109184391034617,-12.175687993776265,-4.1116564425824995,101.28016929707364,0.09293894717237834,0.16652071488897935,13.557625161048975,1.8613572690341929,2.117742858249891,0.011289604201546573,0.08434447448227687,17.280104192311708,0.030517445942811174,0.0001365466787800012,0.051542283154863776,0.01638061848730216
0.02560478473517798,-9.283474819140865,-7.090119979719484,-4.287155778451533,1.2864688284232682,-6.155284458540872,-8.709805933559295,-9.380516910113247,-6.441271397565459,-12.699794080999318,-18.109184391034617,-12.175687993776265,-4.108834675566321,101.28016929707364,0.09293894717237834,0.16652071488897935,13.557625161048975,1.8613572690341929,2.117742858249891,0.01649330572177781,0.08434447448227687,15.91840307108495,0.030517445942811174,0.0001365466787800012,0.051542283154863776,0.016426906051902536
0.02560478473517798,-9.283474819140865,-7.090119979719484,-4.287155778451533,1.2864688284232682,-6.155284458540872,-8.28230075012615,-9.380516910113247,-6.441271397565459,-12.699794080999318,-18.109184391034617,-12.175687993776265,-4.108834675566321,101.28016929707364,0.09293894717237834,0.16652071488897935,13.557625161048975,1.8613572690341929,2.117742858249891,0.025289057499853086,0.08434447448227687,15.91840307108495,0.030517445942811174,0.0001365466787800012,0.051542283154863776,0.016426906051902536
