fuel_x0_interval_,fuel_k_interval_,moisture_x0_interval_,moisture_k_interval_,igntions_x0_interval_,igntions_k_interval_,suppression_x0_interval_,suppression_k_interval_,cM_interval_,cP_interval_,cD1_interval_,cD2_interval_,cDmax_interval_,sigma_log_,fuel_x0,fuel_k,moisture_x0,moisture_k,igntions_x0,igntions_k,suppression_x0,suppression_k,cM,cP,cD1,cD2,cDmax,sigma
-0.16681264776787733,-9.00171514483935,-8.359572876954699,-4.502240617708417,0.1133157149255032,-13.17119067396756,-7.770279610613962,-9.30371021947193,-6.280683498073943,-2.863251003518438,-1.6754872053605543,-11.793431225388202,2.5757675458024747,-4.085145212683296,91.67865479971664,0.12318314385664693,0.046817902024048126,10.962622221689452,523.5816411309767,0.0019046875498643315,0.04219171387906397,0.09107736015630599,18.686222798226023,540.0038410030894,1576.93962405754,0.07553958863282215,9292.856431455619,0.01682069656012573
-0.16681264776787733,-9.00171514483935,-8.363164726049314,-4.502240617708417,0.1133157149255032,-13.17119067396756,-8.928797366065467,-9.30371021947193,-6.280683498073943,-2.863251003518438,-1.6754872053605543,-11.812393571931722,2.5757675458024747,-4.087471160021043,91.67865479971664,0.12318314385664693,0.046650079985247735,10.962622221689452,523.5816411309767,0.0019046875498643315,0.013249974002911167,0.09107736015630599,18.686222798226023,540.0038410030894,1576.93962405754,0.07412068676302688,9292.856431455619,0.016781617970731157
-0.1682279770548522,-9.00171514483935,-8.363164726049314,-4.502240617708417,0.1133157149255032,-13.17119067396756,-8.87047944141203,-9.30371021947193,-6.280683498073943,-2.8125373702025196,-5.200074087689389,-11.799179313404624,2.0740889954435704,-4.087471160021043,91.60838250610585,0.12318314385664693,0.046650079985247735,10.962622221689452,523.5816411309767,0.0019046875498643315,0.014045549137170507,0.09107736015630599,18.686222798226023,566.5042816801952,54.85894677052082,0.07510662922631547,8883.591409171535,0.016781617970731157
-0.1682279770548522,-9.017985219656913,-8.363164726049314,-4.502240617708417,0.1133157149255032,-13.17119067396756,-8.87047944141203,-9.30371021947193,-6.280683498073943,-2.8263930509307205,-5.200074087689389,-11.799179313404624,-0.7075202549852699,-4.087471160021043,91.60838250610585,0.12119540199257865,0.046650079985247735,10.962622221689452,523.5816411309767,0.0019046875498643315,0.014045549137170507,0.09107736015630599,18.686222798226023,559.1449708881386,54.85894677052082,0.07510662922631547,3301.4700453838473,0.016781617970731157
-0.1682279770548522,-9.010840277608366,-8.363164726049314,-4.502240617708417,0.1133157149255032,-13.17119067396756,-9.17400674188701,-9.30371021947193,-6.280683498073943,-2.8832517109975013,-5.200074087689389,-11.799179313404624,-0.7075202549852699,-4.087471160021043,91.60838250610585,0.12206433094361643,0.046650079985247735,10.962622221689452,523.5816411309767,0.0019046875498643315,0.010368942376590974,0.09107736015630599,18.686222798226023,529.8772806778338,54.85894677052082,0.07510662922631547,3301.4700453838473,0.016781617970731157
-0.1682279770548522,-9.013592185611525,-8.373064287264326,-4.502240617708417,0.11635586946420712,-13.163060005182894,-9.52557455357838,-9.30371021947193,-6.280683498073943,-2.900785449711509,-2.6383607429023646,-11.748055603983131,-0.7075202549852699,-4.087471160021043,91.60838250610585,0.12172892374088459,0.046190649154375985,10.962622221689452,524.3467547943812,0.0019202370319154835,0.007295647607933183,0.09107736015630599,18.686222798226023,521.1474915117328,667.1002292543089,0.07904617238663034,3301.4700453838473,0.016781617970731157
-0.1682279770548522,-8.976207372974827,-8.363235324695294,-4.501181689380542,0.1252308304836172,-13.163060005182894,-9.52557455357838,-9.30371021947193,-6.280683498073943,-2.900785449711509,-2.6383607429023646,-11.847852254837631,0.20039353451707953,-4.087471160021043,91.60838250610585,0.12636528648028758,0.04664678743713223,10.974109539566934,526.5795243030957,0.0019202370319154835,0.007295647607933183,0.09107736015630599,18.686222798226023,521.1474915117328,667.1002292543089,0.07153853404673019,5499.314017158956,0.016781617970731157
-0.1682279770548522,-9.006493594772055,-8.370820643510587,-4.501181689380542,0.11843469221066713,-13.163060005182894,-9.52557455357838,-9.30371021947193,-6.280683498073943,-2.902020758432528,-2.6383607429023646,-11.847852254837631,0.20039353451707953,-4.087471160021043,91.60838250610585,0.12259599548096245,0.04629437684764225,10.974109539566934,524.8698531304609,0.0019202370319154835,0.007295647607933183,0.09107736015630599,18.686222798226023,520.5376013171609,667.1002292543089,0.07153853404673019,5499.314017158956,0.016781617970731157
-0.1682279770548522,-9.006493594772055,-8.370820643510587,-4.507537123213121,0.20172004098080387,-13.163060005182894,-8.62242890943122,-9.314286310701638,-6.280683498073943,-2.9255240040417148,-2.5055171236287066,-11.847852254837631,0.20039353451707953,-4.087471160021043,91.60838250610585,0.12259599548096245,0.04629437684764225,10.905343658154033,545.7622963599812,0.0019202370319154835,0.01799900627227082,0.09011927979608367,18.686222798226023,509.0614719029136,754.7231307419756,0.07153853404673019,5499.314017158956,0.016781617970731157
-0.1687020123089427,-9.006493594772055,-8.370820643510587,-4.507537123213121,0.20172004098080387,-13.163060005182894,-8.62242890943122,-9.314286310701638,-6.280683498073943,-2.9255240040417148,-2.5055171236287066,-11.847852254837631,0.20039353451707953,-4.087471160021043,91.58484811795341,0.12259599548096245,0.04629437684764225,10.905343658154033,545.7622963599812,0.0019202370319154835,0.01799900627227082,0.09011927979608367,18.686222798226023,509.0614719029136,754.7231307419756,0.07153853404673019,5499.314017158956,0.016781617970731157
-0.1687020123089427,-9.006493594772055,-8.370820643510587,-4.507537123213121,0.20172004098080387,-13.163060005182894,-9.495730093055318,-9.314286310701638,-6.28272070899313,-2.9255240040417148,-2.5055171236287066,-11.847852254837631,0.20039353451707953,-4.087471160021043,91.58484811795341,0.12259599548096245,0.04629437684764225,10.905343658154033,545.7622963599812,0.0019202370319154835,0.007516647313800918,0.09011927979608367,18.648264688367334,509.0614719029136,754.7231307419756,0.07153853404673019,5499.314017158956,0.016781617970731157
-0.1687020123089427,-9.006493594772055,-8.398385350913943,-4.507537123213121,0.020094004969158252,-13.163060005182894,-9.495730093055318,-9.314286310701638,-6.28272070899313,-2.9305231949883184,-2.5055171236287066,-11.753876450262391,0.20039353451707953,-4.087471160021043,91.58484811795341,0.12259599548096245,0.045035996367247415,10.905343658154033,500.07356554347234,0.0019202370319154835,0.007516647313800918,0.09011927979608367,18.648264688367334,506.6515427914815,754.7231307419756,0.07858739691025653,5499.314017158956,0.016781617970731157
-0.1687020123089427,-9.013239772526612,-8.410766300772178,-4.507537123213121,0.17395373075169457,-13.163060005182894,-9.5969562017535,-9.336857224275313,-6.28272070899313,-2.9305231949883184,-4.8150273936643515,-11.753876450262391,-0.8189393094896478,-4.086322199685265,91.58484811795341,0.12177182494157839,0.044481968738831486,10.905343658154033,538.812891549132,0.0019202370319154835,0.006793058828394819,0.08810816625282003,18.648264688367334,506.6515427914815,80.41805080679899,0.07858739691025653,3059.8886142293504,0.016800910465182818
-0.1687020123089427,-9.013239772526612,-8.391709608180946,-4.507537123213121,0.17395373075169457,-13.163060005182894,-9.5969562017535,-9.333542524863137,-6.28272070899313,-2.9305231949883184,-4.8150273936643515,-11.753876450262391,-0.8189393094896478,-4.086322199685265,91.58484811795341,0.12177182494157839,0.045337582474892446,10.905343658154033,538.812891549132,0.0019202370319154835,0.006793058828394819,0.08840067704695899,18.648264688367334,506.6515427914815,80.41805080679899,0.07858739691025653,3059.8886142293504,0.016800910465182818
-0.16470406731528525,-9.013239772526612,-8.391709608180946,-4.507537123213121,0.1857830354872344,-13.163060005182894,-7.467149796486115,-9.333542524863137,-6.28272070899313,-2.853909944324233,-4.8150273936643515,-11.753876450262391,-2.0080901175510406,-4.086322199685265,91.78336292870289,0.12177182494157839,0.045337582474892446,10.905343658154033,541.7757537194814,0.0019202370319154835,0.05712285371236906,0.08840067704695899,18.648264688367334,544.7955877823373,80.41805080679899,0.07858739691025653,1183.5612491469185,0.016800910465182818
-0.16470406731528525,-9.025582417065424,-8.40194294623767,-4.507537123213121,0.1857830354872344,-13.163060005182894,-5.689147203579854,-9.333542524863137,-6.2885867227719565,-2.853909944324233,-4.344423753306259,-11.753876450262391,-2.0080901175510406,-4.086322199685265,91.78336292870289,0.12027825562655628,0.04487609706453231,10.905343658154033,541.7757537194814,0.0019202370319154835,0.3371073726439469,0.08840067704695899,18.539396139406573,544.7955877823373,128.12689483525185,0.07858739691025653,1183.5612491469185,0.016800910465182818
-0.1663582960173944,-9.020542900602067,-8.41586971003596,-4.507537123213121,0.1857830354872344,-13.201078307005506,-5.689147203579854,-9.333542524863137,-6.2885867227719565,-2.853909944324233,-1.5524900151988277,-11.753876450262391,3.1140250603415898,-4.086322199685265,91.70121550589373,0.12088585632263729,0.044255587429308275,10.905343658154033,541.7757537194814,0.001848603339508491,0.3371073726439469,0.08840067704695899,18.539396139406573,544.7955877823373,1747.2692352226704,0.07858739691025653,9574.675721617865,0.016800910465182818
-0.1663582960173944,-9.020542900602067,-8.408929397732146,-4.507537123213121,0.11408359892468542,-13.201078307005506,-8.187832997610482,-9.333542524863137,-6.2885867227719565,-2.853909944324233,-1.5524900151988277,-11.753876450262391,0.3709190328653733,-4.086322199685265,91.70121550589373,0.12088585632263729,0.04456373467118281,10.905343658154033,523.7749065501356,0.001848603339508491,0.027793842137252864,0.08840067704695899,18.539396139406573,544.7955877823373,1747.2692352226704,0.07858739691025653,5916.810304938504,0.016800910465182818
-0.1663582960173944,-9.020542900602067,-8.408929397732146,-4.507537123213121,0.11408359892468542,-13.164794357488322,-6.090789868797863,-9.333542524863137,-6.2885867227719565,-2.853909944324233,-2.493561072003418,-11.753876450262391,1.887615626639842,-4.086322199685265,91.70121550589373,0.12088585632263729,0.04456373467118281,10.905343658154033,523.7749065501356,0.0019169095571171,0.22585078414236823,0.08840067704695899,18.539396139406573,544.7955877823373,763.1080737428942,0.07858739691025653,8684.834267214752,0.016800910465182818
-0.1663582960173944,-9.020542900602067,-8.408929397732146,-4.507537123213121,0.23602480869439657,-13.164794357488322,-8.137558250034095,-9.333542524863137,-6.2885867227719565,-2.806971826381312,-2.493561072003418,-11.753876450262391,1.887615626639842,-4.086322199685265,91.70121550589373,0.12088585632263729,0.04456373467118281,10.905343658154033,554.3211325042479,0.0019169095571171,0.029226472980933706,0.08840067704695899,18.539396139406573,569.4859221464715,763.1080737428942,0.07858739691025653,8684.834267214752,0.016800910465182818
-0.1663582960173944,-9.020542900602067,-8.408929397732146,-4.507537123213121,0.3388343678510659,-13.164794357488322,-7.885127106372747,-9.333542524863137,-6.2885867227719565,-2.806971826381312,-2.493561072003418,-11.753876450262391,1.887615626639842,-4.084366671290571,91.70121550589373,0.12088585632263729,0.04456373467118281,10.905343658154033,579.7464226849975,0.0019169095571171,0.037615723102265436,0.08840067704695899,18.539396139406573,569.4859221464715,763.1080737428942,0.07858739691025653,8684.834267214752,0.016833797267712093
-0.17034966162505263,-9.01803724931302,-8.408929397732146,-4.508218408126453,0.3388343678510659,-13.164794357488322,-7.885127106372747,-9.333542524863137,-6.2885867227719565,-2.7882102764569296,-2.1223245142786027,-11.753876450262391,1.887615626639842,-4.084366671290571,91.50305473069723,0.1211890971657004,0.04456373467118281,10.897997483012913,579.7464226849975,0.0019169095571171,0.037615723102265436,0.08840067704695899,18.539396139406573,579.646053320714,1069.458568251137,0.07858739691025653,8684.834267214752,0.016833797267712093
-0.17034966162505263,-9.01803724931302,-8.426949628721676,-4.502669491299362,0.3388343678510659,-13.164794357488322,-8.571669733611614,-9.333542524863137,-6.2885867227719565,-2.7110596835579557,-2.1223245142786027,-11.753876450262391,0.32327176693371196,-4.084366671290571,91.50305473069723,0.1211890971657004,0.04376805233939236,10.957973159310587,579.7464226849975,0.0019169095571171,0.018936028043016903,0.08840067704695899,18.539396139406573,623.238951384884,1069.458568251137,0.07858739691025653,5801.213992270763,0.016833797267712093
-0.17034966162505263,-9.01803724931302,-8.426949628721676,-4.502669491299362,0.4054017603265716,-13.164794357488322,-8.571669733611614,-9.333542524863137,-6.2885867227719565,-2.7015883701118324,-2.1223245142786027,-11.753876450262391,0.7105967302971571,-4.084366671290571,91.50305473069723,0.1211890971657004,0.04376805233939236,10.957973159310587,595.9846444004728,0.0019169095571171,0.018936028043016903,0.08840067704695899,18.539396139406573,628.7969500557207,1069.458568251137,0.07858739691025653,6705.330019808163,0.016833797267712093
-0.17034966162505263,-9.010395873359611,-8.426949628721676,-4.502669491299362,0.4410560508130372,-13.164794357488322,-9.566225709452915,-9.333542524863137,-6.2885867227719565,-2.6802237977694365,-2.6941346655804965,-11.753876450262391,0.7105967302971571,-4.084366671290571,91.50305473069723,0.12211858228034536,0.04376805233939236,10.957973159310587,604.5957441039147,0.0019169095571171,0.007005038687936017,0.08840067704695899,18.539396139406573,641.5043935954626,633.2034446724851,0.07858739691025653,6705.330019808163,0.016833797267712093
-0.17034966162505263,-9.010395873359611,-8.42404871046911,-4.502669491299362,0.4410560508130372,-13.164794357488322,-8.52151125382096,-9.333542524863137,-6.243274796385052,-2.7151800272040454,-1.268943465748444,-11.753876450262391,0.7105967302971571,-4.084366671290571,91.50305473069723,0.12211858228034536,0.04389517631396973,10.957973159310587,604.5957441039147,0.0019169095571171,0.019909860125755893,0.08840067704695899,19.3971079675518,620.8353758681834,2194.3816697407296,0.07858739691025653,6705.330019808163,0.016833797267712093
-0.17034966162505263,-9.010395873359611,-8.423507381391792,-4.502669491299362,0.24820490697324257,-13.164794357488322,-8.271093079110921,-9.333542524863137,-6.243274796385052,-2.7151800272040454,-2.621953172737965,-11.753876450262391,0.7105967302971571,-4.084366671290571,91.50305473069723,0.12211858228034536,0.04391893926251868,10.957973159310587,557.3519642902924,0.0019169095571171,0.025574010297636025,0.08840067704695899,19.3971079675518,620.8353758681834,677.388459577824,0.07858739691025653,6705.330019808163,0.016833797267712093
-0.17034966162505263,-9.019836074486081,-8.423507381391792,-4.502669491299362,0.24820490697324257,-13.164794357488322,-8.271093079110921,-9.333542524863137,-6.243274796385052,-2.767298838209323,-2.621953172737965,-11.753876450262391,0.7105967302971571,-4.084366671290571,91.50305473069723,0.12097132146745089,0.04391893926251868,10.957973159310587,557.3519642902924,0.0019169095571171,0.025574010297636025,0.08840067704695899,19.3971079675518,591.1707935784572,677.388459577824,0.07858739691025653,6705.330019808163,0.016833797267712093
-0.17034966162505263,-9.019836074486081,-8.423507381391792,-4.502669491299362,0.24820490697324257,-13.164794357488322,-8.271093079110921,-9.324960965730927,-6.243274796385052,-2.832899906511782,-4.145563803782612,-11.753876450262391,1.0001562160286244,-4.084366671290571,91.50305473069723,0.12097132146745089,0.04391893926251868,10.957973159310587,557.3519642902924,0.0019169095571171,0.025574010297636025,0.08916248913687344,19.3971079675518,555.720036438158,155.87682627622564,0.07858739691025653,7310.892914567524,0.016833797267712093
-0.17034966162505263,-9.0133125060564,-8.438429469933753,-4.502669491299362,0.24820490697324257,-13.164794357488322,-8.488836305571999,-9.324960965730927,-6.243274796385052,-2.832899906511782,-4.145563803782612,-11.753876450262391,1.0001562160286244,-4.084366671290571,91.50305473069723,0.1217629694474131,0.043268583148708156,10.957973159310587,557.3519642902924,0.0019169095571171,0.020571022855177236,0.08916248913687344,19.3971079675518,555.720036438158,155.87682627622564,0.07858739691025653,7310.892914567524,0.016833797267712093
-0.17034966162505263,-9.0133125060564,-8.438429469933753,-4.502669491299362,0.18917124947409963,-13.164794357488322,-10.323441080864184,-9.324960965730927,-6.243274796385052,-2.832899906511782,-4.145563803782612,-11.753876450262391,0.22043439170920098,-4.084366671290571,91.50305473069723,0.1217629694474131,0.043268583148708156,10.957973159310587,542.6238039510343,0.0019169095571171,0.003285278838827649,0.08916248913687344,19.3971079675518,555.720036438158,155.87682627622564,0.07858739691025653,5548.865269724856,0.016833797267712093
-0.17034966162505263,-9.027951664354255,-8.465369852163768,-4.502669491299362,0.21676454749506785,-13.164794357488322,-6.63594317080996,-9.324960965730927,-6.2128535956594675,-2.780825530503026,-3.682399042681525,-11.753876450262391,-0.12049989842212533,-4.0859751722482445,91.50305473069723,0.1199936581639839,0.04211871495305787,10.957973159310587,549.519739244456,0.0019169095571171,0.13106204199818072,0.08916248913687344,19.995060510679085,583.6916601891352,245.44923829738732,0.07858739691025653,4699.114243287295,0.01680674185384857
-0.17034966162505263,-9.027951664354255,-8.465369852163768,-4.502669491299362,0.21676454749506785,-13.164794357488322,-6.448483894626008,-9.324960965730927,-6.2128535956594675,-2.8264121599279677,-1.85465309687878,-11.753876450262391,1.2519832109560647,-4.088548034920047,91.50305473069723,0.1199936581639839,0.04211871495305787,10.957973159310587,549.519739244456,0.0019169095571171,0.15804185478009133,0.08916248913687344,19.995060510679085,559.1348837036402,1353.2749521273383,0.07858739691025653,7776.429756785376,0.016763555994563674
-0.17034966162505263,-9.017497108253336,-8.473170103025776,-4.502669491299362,0.21676454749506785,-13.126191595088809,-6.448483894626008,-9.324960965730927,-6.203143907775478,-2.810724469600671,-2.2973817219468358,-11.753876450262391,1.2519832109560647,-4.088548034920047,91.50305473069723,0.12125456611548005,0.04179152480224102,10.957973159310587,549.519739244456,0.0019923542317151076,0.15804185478009133,0.08916248913687344,20.18975802821762,567.4738958004508,913.400379379886,0.07858739691025653,7776.429756785376,0.016763555994563674
-0.17034966162505263,-9.017497108253336,-8.449860374027367,-4.50141043047872,0.21676454749506785,-13.169004401284045,-6.448483894626008,-9.324960965730927,-6.203143907775478,-2.8876226053948124,-2.2973817219468358,-11.753876450262391,-0.1686451641317126,-4.088541553013704,91.50305473069723,0.12125456611548005,0.042776905425762575,10.97162713493026,549.519739244456,0.0019088562635884417,0.15804185478009133,0.08916248913687344,20.18975802821762,527.6882451307877,913.400379379886,0.07858739691025653,4579.383520255435,0.016763664654715755
-0.1732370386269454,-9.017497108253336,-8.456850136443876,-4.50141043047872,0.21676454749506785,-13.169004401284045,-7.227746196202945,-9.324960965730927,-6.203143907775478,-2.8876226053948124,-0.5389526973071141,-11.753876450262391,-0.47544247762302,-4.085625418841919,91.35974587514333,0.12125456611548005,0.042479010845148726,10.97162713493026,549.519739244456,0.0019088562635884417,0.07256287131777898,0.08916248913687344,20.18975802821762,527.6882451307877,3684.3124517716,0.07858739691025653,3833.288937450996,0.01681262109714394
-0.1732370386269454,-8.990248327519234,-8.456850136443876,-4.496904560684954,0.12206652435943813,-13.169004401284045,-7.227746196202945,-9.324960965730927,-6.203143907775478,-2.8876226053948124,-0.5389526973071141,-11.753876450262391,-0.47544247762302,-4.085625418841919,91.35974587514333,0.12460361503647746,0.042479010845148726,11.020629350316261,525.7835833340614,0.0019088562635884417,0.07256287131777898,0.08916248913687344,20.18975802821762,527.6882451307877,3684.3124517716,0.07858739691025653,3833.288937450996,0.01681262109714394
-0.1732370386269454,-8.990248327519234,-8.46139077699998,-4.496904560684954,0.12206652435943813,-13.169004401284045,-7.227746196202945,-9.324960965730927,-6.203143907775478,-2.8876226053948124,-1.9042390666473772,-11.753876450262391,2.367243299557261,-4.085625418841919,91.35974587514333,0.12460361503647746,0.042286606856581,11.020629350316261,525.7835833340614,0.0019088562635884417,0.07256287131777898,0.08916248913687344,20.18975802821762,527.6882451307877,1296.2944752974674,0.07858739691025653,9142.950932499318,0.01681262109714394
-0.1732370386269454,-8.990248327519234,-8.454235173931474,-4.496904560684954,0.04084922650692359,-13.16985476405881,-7.586691730133927,-9.362673422046203,-6.172704405874483,-2.8876226053948124,-2.3037346070631277,-11.753876450262391,2.367243299557261,-4.085625418841919,91.35974587514333,0.12460361503647746,0.04259021354332692,11.020629350316261,505.3129956598644,0.0019072337363415291,0.05068990139898844,0.08586285116464636,20.81247465227538,527.6882451307877,908.1413441065292,0.07858739691025653,9142.950932499318,0.01681262109714394
-0.1732370386269454,-8.972928906395158,-8.44720154454539,-4.496904560684954,0.04084922650692359,-13.161308117795372,-7.586691730133927,-9.344913160901266,-6.172704405874483,-2.905009601508043,-4.433736200264804,-11.753876450262391,2.367243299557261,-4.085625418841919,91.35974587514333,0.12678019809107965,0.042890768836445305,11.020629350316261,505.3129956598644,0.0019236040129063001,0.05068990139898844,0.08740128560194316,20.81247465227538,519.0647546268793,117.30812387006736,0.07858739691025653,9142.950932499318,0.01681262109714394
-0.1732370386269454,-8.994286559525992,-8.44720154454539,-4.496904560684954,0.04084922650692359,-13.161308117795372,-7.586691730133927,-9.344913160901266,-6.172704405874483,-2.962213076354792,-4.433736200264804,-11.658094236767695,2.367243299557261,-4.085625418841919,91.35974587514333,0.12410151365852343,0.042890768836445305,11.020629350316261,505.3129956598644,0.0019236040129063001,0.05068990139898844,0.08740128560194316,20.81247465227538,491.6245143451784,117.30812387006736,0.08648688340167106,9142.950932499318,0.01681262109714394
-0.1732370386269454,-8.984798067791829,-8.44720154454539,-4.496904560684954,-0.0753921086125774,-13.124878379393882,-6.300995003537043,-9.349257659298273,-6.238055709222587,-2.951007664689717,-4.433736200264804,-11.658094236767695,2.367243299557261,-4.086337728121736,91.35974587514333,0.12528450584830642,0.042890768836445305,11.020629350316261,475.9725043645755,0.0019949723360340116,0.1831119406694525,0.08702242747062172,19.49840989404347,496.8890811535824,117.30812387006736,0.08648688340167106,9142.950932499318,0.016800649575337615
-0.1732370386269454,-8.984798067791829,-8.450913531477964,-4.496904560684954,-0.0753921086125774,-13.124878379393882,-6.820162769443355,-9.349257659298273,-6.238055709222587,-3.0098428789082945,-4.433736200264804,-11.658094236767695,2.2306064602925013,-4.086337728121736,91.35974587514333,0.12528450584830642,0.04273188794404122,11.020629350316261,475.9725043645755,0.0019949723360340116,0.10903530704129062,0.08702242747062172,19.49840989404347,469.83180394023043,117.30812387006736,0.08648688340167106,9029.645098115381,0.016800649575337615
-0.1732370386269454,-8.997333624359737,-8.452576216757103,-4.496904560684954,-0.0753921086125774,-13.05120525606976,-6.649568760162756,-9.349257659298273,-6.238055709222587,-3.0098428789082945,-4.948310194774542,-11.658094236767695,2.737704106366304,-4.086337728121736,91.35974587514333,0.12372399054688753,0.042660912439542294,11.020629350316261,475.9725043645755,0.0021474973790176974,0.129290648847092,0.08702242747062172,19.49840989404347,469.83180394023043,70.45398786862705,0.08648688340167106,9392.151561065592,0.016800649575337615
-0.1732370386269454,-8.997333624359737,-8.452576216757103,-4.496904560684954,-0.03289591679996876,-13.05120525606976,-7.236403194093091,-9.349257659298273,-6.238055709222587,-3.0098428789082945,-5.8642853503240655,-11.658094236767695,2.737704106366304,-4.086337728121736,91.35974587514333,0.12372399054688753,0.042660912439542294,11.020629350316261,486.6945299688739,0.0021474973790176974,0.07193785587277149,0.08702242747062172,19.49840989404347,469.83180394023043,28.310138543109144,0.08648688340167106,9392.151561065592,0.016800649575337615
-0.1732370386269454,-8.997333624359737,-8.455620617178242,-4.496904560684954,-0.03505395941265818,-13.05120525606976,-7.236403194093091,-9.349257659298273,-6.238055709222587,-3.06359866710481,-3.259918904613702,-11.658094236767695,2.0188858211314664,-4.086337728121736,91.35974587514333,0.12372399054688753,0.042531260615059525,11.020629350316261,486.14978147742306,0.0021474973790176974,0.07193785587277149,0.08702242747062172,19.49840989404347,446.33997679942166,369.7209660251795,0.08648688340167106,8827.657514960923,0.016800649575337615
-0.1732370386269454,-8.997333624359737,-8.455620617178242,-4.5082050897665,-0.03505395941265818,-13.05120525606976,-7.018331885004692,-9.349257659298273,-6.238055709222587,-3.005458421975424,-3.259918904613702,-11.769264983626874,2.1242065812064914,-4.086337728121736,91.35974587514333,0.12372399054688753,0.042531260615059525,10.89814104562834,486.14978147742306,0.0021474973790176974,0.08945168640134689,0.08702242747062172,19.49840989404347,471.79888182771987,369.7209660251795,0.07738731889212326,8932.337635242187,0.016800649575337615
-0.1732370386269454,-8.997333624359737,-8.45561481583229,-4.5082050897665,-0.03505395941265818,-13.05120525606976,-7.018331885004692,-9.347401709075449,-6.238055709222587,-3.0030922869499563,-3.549940976138514,-11.789344527405637,2.1242065812064914,-4.086337728121736,91.35974587514333,0.12372399054688753,0.042531507301860914,10.89814104562834,486.14978147742306,0.0021474973790176974,0.08945168640134689,0.08718407263953253,19.49840989404347,472.86369327515183,279.24175907699663,0.07584892542828561,8932.337635242187,0.016800649575337615
-0.1732370386269454,-8.997333624359737,-8.460697254775578,-4.5082050897665,-0.03505395941265818,-13.074843350982844,-7.018331885004692,-9.347401709075449,-6.238055709222587,-3.0030922869499563,-1.3283042345213518,-11.764234638464487,2.1242065812064914,-4.086337728121736,91.35974587514333,0.12372399054688753,0.04231593752285508,10.89814104562834,486.14978147742306,0.0020973300051223883,0.08945168640134689,0.08718407263953253,19.49840989404347,472.86369327515183,2094.4000304897845,0.07777758154455561,8932.337635242187,0.016800649575337615
-0.1748858481835898,-8.997333624359737,-8.460697254775578,-4.5082050897665,-0.03505395941265818,-13.101888758836397,-7.018331885004692,-9.347401709075449,-6.238055709222587,-3.092449291247805,-1.3283042345213518,-11.764234638464487,3.119771172869475,-4.086337728121736,91.27792669495373,0.12372399054688753,0.04231593752285508,10.89814104562834,486.14978147742306,0.002041367155712909,0.08945168640134689,0.08718407263953253,19.49840989404347,434.1979099574911,2094.4000304897845,0.07777758154455561,9577.009593802017,0.016800649575337615
-0.1748858481835898,-8.997333624359737,-8.460697254775578,-4.5082050897665,-0.03505395941265818,-13.101888758836397,-7.733887810920045,-9.347401709075449,-6.238055709222587,-3.092449291247805,-3.615990936062848,-11.764234638464487,3.119771172869475,-4.086337728121736,91.27792669495373,0.12372399054688753,0.04231593752285508,10.89814104562834,486.14978147742306,0.002041367155712909,0.04375474267251984,0.08718407263953253,19.49840989404347,434.1979099574911,261.8611392141389,0.07777758154455561,9577.009593802017,0.016800649575337615
-0.1748858481835898,-8.991770614341004,-8.46054171037196,-4.5082050897665,-0.2319619661890463,-13.101888758836397,-7.733887810920045,-9.347401709075449,-6.278458885055169,-3.092449291247805,-1.376739685320946,-11.764234638464487,4.477641384398904,-4.086337728121736,91.27792669495373,0.12441410047888742,0.042322518649100416,10.89814104562834,436.69081974075004,0.002041367155712909,0.04375474267251984,0.08718407263953253,18.727760747956435,434.1979099574911,2015.3313103532075,0.07777758154455561,9887.674281231617,0.016800649575337615
-0.1748858481835898,-8.982659971350708,-8.46054171037196,-4.5082050897665,-0.2319619661890463,-13.101888758836397,-6.858151470604969,-9.347401709075449,-6.278458885055169,-3.0765161484691985,-1.376739685320946,-11.764234638464487,0.505223175407262,-4.086337728121736,91.27792669495373,0.12555262910711065,0.042322518649100416,10.89814104562834,436.69081974075004,0.002041367155712909,0.10497515377612064,0.08718407263953253,18.727760747956435,440.86401646131685,2015.3313103532075,0.07777758154455561,6236.86009407265,0.016800649575337615
-0.17431079716650985,-8.982659971350708,-8.45731230919275,-4.5082050897665,-0.2319619661890463,-13.063422992636818,-6.858151470604969,-9.347401709075449,-6.277586095012708,-3.076568512591776,-1.729485693578463,-11.744260445388909,1.3050409729647046,-4.086038013626165,91.30646122684233,0.12555262910711065,0.04245938690706055,10.89814104562834,436.69081974075004,0.0021214195080947445,0.10497515377612064,0.08718407263953253,18.744082634850265,440.841949285492,1506.5337699689917,0.0793467327431161,7866.821480752059,0.016805685728216654
-0.17431079716650985,-8.982659971350708,-8.454339460929804,-4.504028628636024,-0.2869775477716011,-13.063422992636818,-6.858151470604969,-9.347401709075449,-6.277586095012708,-3.0774952271084377,-1.729485693578463,-11.744260445388909,1.3050409729647046,-4.086038013626165,91.30646122684233,0.12555262910711065,0.0425857731150878,10.943252756782153,423.0314136427309,0.0021214195080947445,0.10497515377612064,0.08718407263953253,18.744082634850265,440.4515895283896,1506.5337699689917,0.0793467327431161,7866.821480752059,0.016805685728216654
-0.172197581651197,-8.98623090666121,-8.454339460929804,-4.504028628636024,-0.2869775477716011,-13.063422992636818,-6.858151470604969,-9.347401709075449,-6.2830720172701,-3.0459209517649204,-1.1973976518326497,-11.744260445388909,1.8205842772066858,-4.086038013626165,91.41133303779155,0.1251051443253014,0.0425857731150878,10.943252756782153,423.0314136427309,0.0021214195080947445,0.10497515377612064,0.08718407263953253,18.641726759847952,453.93904684804113,2319.3848323960674,0.0793467327431161,8606.362208999768,0.016805685728216654
-0.172197581651197,-8.98623090666121,-8.454339460929804,-4.504028628636024,-0.2869775477716011,-12.992264026510503,-6.858151470604969,-9.349539338822494,-6.269170481803675,-3.0459209517649204,-3.8883385169558293,-11.744260445388909,2.4486312995940205,-4.086038013626165,91.41133303779155,0.1251051443253014,0.0425857731150878,10.943252756782153,423.0314136427309,0.002277877876386692,0.10497515377612064,0.08699792061888739,18.90219177505975,453.93904684804113,200.68357083692217,0.0793467327431161,9204.613027704323,0.016805685728216654
-0.172197581651197,-9.002305982621692,-8.454339460929804,-4.504028628636024,-0.2869775477716011,-12.935811043270318,-6.858151470604969,-9.349539338822494,-6.269170481803675,-3.0459209517649204,-3.8883385169558293,-11.788621353777241,2.4486312995940205,-4.086038013626165,91.41133303779155,0.12311039305531517,0.0425857731150878,10.943252756782153,423.0314136427309,0.0024101695663806227,0.10497515377612064,0.08699792061888739,18.90219177505975,453.93904684804113,200.68357083692217,0.07590379679292099,9204.613027704323,0.016805685728216654
-0.17310590659486125,-9.002305982621692,-8.454339460929804,-4.496669946593187,-0.2869775477716011,-12.935811043270318,-6.858151470604969,-9.38777042022131,-6.262612340523983,-3.0459209517649204,-3.8883385169558293,-11.598540771064295,3.5051944551796836,-4.087227314649297,91.3662535659568,0.12311039305531517,0.0425857731150878,11.023186743754598,423.0314136427309,0.0024101695663806227,0.10497515377612064,0.08373494549732985,19.02632576191306,453.93904684804113,200.68357083692217,0.09179388658398774,9708.352063955086,0.016785710589566533
-0.17310590659486125,-8.981037384783372,-8.448472111647535,-4.500876794314717,-0.2869775477716011,-12.858267012773,-6.631692977693489,-9.380181794980603,-6.262612340523983,-3.0459209517649204,-2.581097478236349,-11.598540771064295,-0.6019341790858421,-4.087227314649297,91.3662535659568,0.12575648884278828,0.042836319506619244,10.977419266035058,423.0314136427309,0.0026045005794601466,0.13161953169502558,0.08437274194338847,19.02632576191306,453.93904684804113,703.6490693631022,0.09179388658398774,3539.0130885011968,0.016785710589566533
-0.17479062514259155,-8.981037384783372,-8.448472111647535,-4.500876794314717,-0.1067401499743354,-13.053664961619116,-7.007509141022772,-9.380181794980603,-6.294740964656033,-3.0459209517649204,-2.581097478236349,-11.598540771064295,-0.6019341790858421,-4.084937148151209,91.28265164636541,0.12575648884278828,0.042836319506619244,10.977419266035058,468.0736726134782,0.0021422216701180987,0.09042417670844766,0.08437274194338847,18.425860165011112,453.93904684804113,703.6490693631022,0.09179388658398774,3539.0130885011968,0.016824196714601267
-0.17479062514259155,-9.002636093597676,-8.421550487663575,-4.500876794314717,-0.2760601870181582,-13.053664961619116,-7.007509141022772,-9.327274014638293,-6.294740964656033,-3.0459209517649204,-2.581097478236349,-11.686930115849522,-0.6019341790858421,-4.08510595181906,91.28265164636541,0.12306976467118318,0.04400494917803604,10.977419266035058,425.7341365517093,0.0021422216701180987,0.09042417670844766,0.08895650859830459,18.425860165011112,453.93904684804113,703.6490693631022,0.08402859286843267,3539.0130885011968,0.01682135696817373
-0.17479062514259155,-9.002636093597676,-8.421550487663575,-4.500876794314717,-0.23944824021704122,-13.053664961619116,-7.007509141022772,-9.327274014638293,-6.320235247815221,-3.0459209517649204,-2.581097478236349,-11.686930115849522,0.6377027042247003,-4.086866014943661,91.28265164636541,0.12306976467118318,0.04400494917803604,10.977419266035058,434.82655101171224,0.0021422216701180987,0.09042417670844766,0.08895650859830459,17.9628766745041,453.93904684804113,703.6490693631022,0.08402859286843267,6542.339692990115,0.016791776357575554
-0.17479062514259155,-8.985724725488856,-8.421550487663575,-4.500876794314717,-0.23944824021704122,-13.053664961619116,-8.704010254316316,-9.349781283959016,-6.336912142982872,-3.0459209517649204,-2.581097478236349,-11.686930115849522,4.429035821422495,-4.086866014943661,91.28265164636541,0.1251684782954001,0.04400494917803604,10.977419266035058,434.82655101171224,0.0021422216701180987,0.016589157267941964,0.08697687627174967,17.666320575058116,453.93904684804113,703.6490693631022,0.08402859286843267,9882.145699292225,0.016791776357575554
-0.17479062514259155,-8.985724725488856,-8.421550487663575,-4.500876794314717,-0.23944824021704122,-13.053664961619116,-6.502539350404051,-9.349781283959016,-6.336912142982872,-2.997493990002433,-2.581097478236349,-11.686930115849522,4.144978654022346,-4.086234092493667,91.28265164636541,0.1251684782954001,0.04400494917803604,10.977419266035058,434.82655101171224,0.0021422216701180987,0.14973807657254842,0.08697687627174967,17.666320575058116,475.39214826222866,703.6490693631022,0.08402859286843267,9844.033358753022,0.016802390811433806
-0.17479062514259155,-8.985724725488856,-8.421550487663575,-4.500876794314717,-0.23944824021704122,-13.053664961619116,-7.349000579631123,-9.326564895277519,-6.336912142982872,-3.1737594854500006,-2.4484340281199364,-11.686930115849522,4.111863180680659,-4.0862047616604515,91.28265164636541,0.1251684782954001,0.04400494917803604,10.977419266035058,434.82655101171224,0.0021422216701180987,0.06428214161100106,0.08901960613459037,17.666320575058116,401.65228983271044,795.531411245062,0.08402859286843267,9838.866595803916,0.01680288364678392
-0.17479062514259155,-8.985724725488856,-8.404574036789386,-4.500876794314717,-0.23944824021704122,-13.053664961619116,-6.533388150976801,-9.326564895277519,-6.336912142982872,-3.1737594854500006,-2.4484340281199364,-11.686930115849522,1.1847071753762695,-4.0862047616604515,91.28265164636541,0.1251684782954001,0.044758205572847674,10.977419266035058,434.82655101171224,0.0021422216701180987,0.14519596303982973,0.08901960613459037,17.666320575058116,401.65228983271044,795.531411245062,0.08402859286843267,7657.9311063336345,0.01680288364678392
-0.17479062514259155,-8.985724725488856,-8.422812711391137,-4.500876794314717,-0.13580622757633432,-13.053664961619116,-6.022436185413351,-9.326564895277519,-6.336912142982872,-3.1737594854500006,-5.832384440604193,-11.686930115849522,1.1847071753762695,-4.0862047616604515,91.28265164636541,0.1251684782954001,0.04394945232480593,10.977419266035058,460.761533983223,0.0021422216701180987,0.24178972765123538,0.08901960613459037,17.666320575058116,401.65228983271044,29.225135358722397,0.08402859286843267,7657.9311063336345,0.01680288364678392
-0.17479062514259155,-8.985724725488856,-8.422812711391137,-4.500876794314717,-0.33831028560814835,-13.031578165255638,-7.118825809601551,-9.326564895277519,-6.336912142982872,-3.1837173446954323,-5.832384440604193,-11.686930115849522,-1.5235851171752612,-4.084555778538469,91.28265164636541,0.1251684782954001,0.04394945232480593,10.977419266035058,410.38218706492427,0.0021900627637043537,0.08090618439361424,0.08901960613459037,17.666320575058116,397.83086734893396,29.225135358722397,0.08402859286843267,1789.34199226348,0.016830614175621497
-0.17786895363041805,-8.995129695561245,-8.43935133484902,-4.500876794314717,-0.33831028560814835,-13.01640552477297,-7.79769322106367,-9.339247552338533,-6.336912142982872,-3.097885584297827,-5.832384440604193,-11.832084647010351,-1.5235851171752612,-4.084555778538469,91.12992547869676,0.12399693626735948,0.04322872235741621,10.977419266035058,410.38218706492427,0.0022235450900913276,0.04105126481417926,0.08789782883023409,17.666320575058116,431.9455682207666,29.225135358722397,0.07267545712216637,1789.34199226348,0.016830614175621497
-0.17786895363041805,-8.995129695561245,-8.431740883544332,-4.500876794314717,-0.28861401833053574,-13.01640552477297,-8.058476891300012,-9.339247552338533,-6.415309558349151,-3.085423091340072,-3.3357457422436845,-11.832084647010351,-1.5235851171752612,-4.084555778538469,91.12992547869676,0.12399693626735948,0.043558895581673536,10.977419266035058,422.6266442573412,0.0022235450900913276,0.03163082802212997,0.08789782883023409,16.33640148192294,437.12558786985807,343.65052072520217,0.07267545712216637,1789.34199226348,0.016830614175621497
-0.17786895363041805,-8.995129695561245,-8.4349832906677,-4.500876794314717,-0.28861401833053574,-13.01640552477297,-8.058476891300012,-9.339247552338533,-6.337285469511214,-3.085423091340072,-3.3357457422436845,-11.832084647010351,-1.5235851171752612,-4.084555778538469,91.12992547869676,0.12399693626735948,0.043417919243998904,10.977419266035058,422.6266442573412,0.0022235450900913276,0.03163082802212997,0.08789782883023409,17.659738144841523,437.12558786985807,343.65052072520217,0.07267545712216637,1789.34199226348,0.016830614175621497
-0.17786895363041805,-8.995129695561245,-8.439514623693732,-4.500876794314717,-0.28861401833053574,-13.01640552477297,-8.332252459331047,-9.339247552338533,-6.337285469511214,-3.0952527453485206,-3.3357457422436845,-11.832084647010351,-0.3988245604077292,-4.084555778538469,91.12992547869676,0.12399693626735948,0.043221665690895805,10.977419266035058,422.6266442573412,0.0022235450900913276,0.024057153740762432,0.08789782883023409,17.659738144841523,433.03499824727464,343.65052072520217,0.07267545712216637,4015.9478461201957,0.016830614175621497
-0.17786895363041805,-8.995129695561245,-8.439514623693732,-4.500876794314717,-0.28861401833053574,-13.01640552477297,-8.332252459331047,-9.339247552338533,-6.337285469511214,-3.0952527453485206,-3.3357457422436845,-11.692635422601331,1.7473128730409073,-4.084555778538469,91.12992547869676,0.12399693626735948,0.043221665690895805,10.977419266035058,422.6266442573412,0.0022235450900913276,0.024057153740762432,0.08789782883023409,17.659738144841523,433.03499824727464,343.65052072520217,0.08355055295456087,8516.135560920864,0.016830614175621497
-0.17786895363041805,-8.995129695561245,-8.459727242370569,-4.500876794314717,-0.28861401833053574,-13.01640552477297,-8.332252459331047,-9.339247552338533,-6.337285469511214,-3.0952527453485206,-3.3357457422436845,-11.692635422601331,0.3618688622941073,-4.086344306105209,91.12992547869676,0.12399693626735948,0.04235699572431013,10.977419266035058,422.6266442573412,0.0022235450900913276,0.024057153740762432,0.08789782883023409,17.659738144841523,433.03499824727464,343.65052072520217,0.08355055295456087,5894.927575199887,0.01680053906130585
-0.18103608287038514,-8.978654963171051,-8.459727242370569,-4.500876794314717,-0.28861401833053574,-12.96379998404311,-9.080267132225323,-9.339247552338533,-6.314999928681044,-3.0952527453485206,-2.8372791999687266,-11.692635422601331,1.6014552078862454,-4.086344306105209,90.97283713365184,0.12605641318382171,0.04235699572431013,10.977419266035058,422.6266442573412,0.00234364692305165,0.011387820966500813,0.08789782883023409,18.056994409193496,433.03499824727464,553.4260870786165,0.08355055295456087,8322.21672250939,0.01680053906130585
-0.18103608287038514,-8.972473382669522,-8.481243713810198,-4.500876794314717,-0.2688704863788638,-12.96379998404311,-9.080267132225323,-9.339247552338533,-6.314999928681044,-3.0952527453485206,-3.738283786898256,-11.692635422601331,-0.8596183881116708,-4.085725039983743,90.97283713365184,0.12683795530807557,0.0414555443469015,10.977419266035058,427.5162540675937,0.00234364692305165,0.011387820966500813,0.08789782883023409,18.056994409193496,433.03499824727464,232.41867209090404,0.08355055295456087,2974.190814810434,0.016810946288057772
-0.18103608287038514,-8.972473382669522,-8.489386332311305,-4.500876794314717,-0.2688704863788638,-13.03143174722497,-9.080267132225323,-9.339247552338533,-6.209683670861675,-3.0380248762024427,-4.464322944489712,-11.692635422601331,0.4809178005857966,-4.085725039983743,90.97283713365184,0.12683795530807557,0.041119427358527305,10.977419266035058,427.5162540675937,0.002190383451155517,0.011387820966500813,0.08789782883023409,20.05841657681832,457.3729854483351,113.8145881040918,0.08355055295456087,6179.645765785867,0.016810946288057772
-0.18103608287038514,-8.982620222524142,-8.509898087378563,-4.500876794314717,-0.2688704863788638,-12.982916893350202,-9.080267132225323,-9.339247552338533,-6.209683670861675,-3.0380248762024427,-4.464322944489712,-11.692635422601331,-2.067151675084842,-4.085725039983743,90.97283713365184,0.12555761914935942,0.040284755183080154,10.977419266035058,427.5162540675937,0.0022992692736392905,0.011387820966500813,0.08789782883023409,20.05841657681832,457.3729854483351,113.8145881040918,0.08355055295456087,1123.3073882433387,0.016810946288057772
-0.18326156717300937,-8.982620222524142,-8.509898087378563,-4.500876794314717,-0.2688704863788638,-12.895225727246377,-8.092025174784874,-9.339247552338533,-6.209683670861675,-3.1098306565923273,-4.464322944489712,-11.645800306755364,-2.067151675084842,-4.085725039983743,90.86248081915524,0.12555761914935942,0.040284755183080154,10.977419266035058,427.5162540675937,0.0025099989146063063,0.030587589888477998,0.08789782883023409,20.05841657681832,427.03566435978473,113.8145881040918,0.08755670043711433,1123.3073882433387,0.016810946288057772
-0.18326156717300937,-8.964687972208933,-8.509898087378563,-4.500876794314717,-0.2688704863788638,-12.895225727246377,-7.521355108139916,-9.32054977331351,-6.209683670861675,-3.1098306565923273,-5.2751990335745225,-11.645800306755364,-2.067151675084842,-4.08783957430065,90.86248081915524,0.12782916811529235,0.040284755183080154,10.977419266035058,427.5162540675937,0.0025099989146063063,0.054110546149259496,0.08955663549768297,20.05841657681832,427.03566435978473,50.90888403258888,0.08755670043711433,1123.3073882433387,0.01677543652177278
-0.185832825315954,-8.95997718035763,-8.528744811366204,-4.500876794314717,-0.2688704863788638,-12.895225727246377,-7.521355108139916,-9.313695737725647,-6.209683670861675,-3.1098306565923273,-5.2751990335745225,-11.669721108358342,0.9806131437507313,-4.0856751113083085,90.7350063836866,0.12843268779134862,0.03953277800618858,10.977419266035058,427.5162540675937,0.0025099989146063063,0.054110546149259496,0.09017251272560212,20.05841657681832,427.03566435978473,50.90888403258888,0.08548714329772975,7272.29860520653,0.01681178565729285
-0.1836439059926554,-8.95997718035763,-8.53344533119131,-4.517774830992928,-0.2688704863788638,-12.895225727246377,-9.19350433404567,-9.313695737725647,-6.252116493363255,-3.1578910993559006,-5.2751990335745225,-11.669721108358342,0.9806131437507313,-4.0856751113083085,90.84352382502526,0.12843268779134862,0.039347425924872816,10.7954666084552,427.5162540675937,0.0025099989146063063,0.010168751487219956,0.09017251272560212,19.226688868041133,407.8147042146481,50.90888403258888,0.08548714329772975,7272.29860520653,0.01681178565729285
-0.1836439059926554,-8.95821064823767,-8.53344533119131,-4.517774830992928,-0.2688704863788638,-12.895225727246377,-8.737965145278281,-9.313695737725647,-6.252116493363255,-3.1578910993559006,-2.1017238188522587,-11.683903535817636,1.5385078413394153,-4.0856751113083085,90.84352382502526,0.12865973955727592,0.039347425924872816,10.7954666084552,427.5162540675937,0.0025099989146063063,0.01603541883165881,0.09017251272560212,19.226688868041133,407.8147042146481,1089.2938799683557,0.08428329523034378,8232.477045564921,0.01681178565729285
-0.1836439059926554,-8.95821064823767,-8.53344533119131,-4.517774830992928,-0.42459727217131876,-12.895225727246377,-7.105821275199752,-9.313695737725647,-6.252116493363255,-3.170062031721297,-2.1017238188522587,-11.683903535817636,1.5385078413394153,-4.0856751113083085,90.84352382502526,0.12865973955727592,0.039347425924872816,10.7954666084552,389.37136020864517,0.0025099989146063063,0.0819643347299649,0.09017251272560212,19.226688868041133,403.0801576386176,1089.2938799683557,0.08428329523034378,8232.477045564921,0.01681178565729285
-0.1836439059926554,-8.95821064823767,-8.53344533119131,-4.517774830992928,-0.42459727217131876,-12.895225727246377,-7.105821275199752,-9.313695737725647,-6.263261962148791,-3.170062031721297,-3.2946719879687523,-11.683903535817636,0.28041891755795856,-4.0856751113083085,90.84352382502526,0.12865973955727592,0.039347425924872816,10.7954666084552,389.37136020864517,0.0025099989146063063,0.0819643347299649,0.09017251272560212,19.01399335651951,403.0801576386176,357.54424391361715,0.08428329523034378,5696.489241661064,0.01681178565729285
-0.1825842510568744,-8.966258575397612,-8.53344533119131,-4.517774830992928,-0.42459727217131876,-12.960188312746913,-7.105821275199752,-9.313695737725647,-6.263261962148791,-3.1247061834442267,-3.2946719879687523,-11.683903535817636,0.28041891755795856,-4.0856751113083085,90.89606490290711,0.1276285824016087,0.039347425924872816,10.7954666084552,389.37136020864517,0.002352126689309092,0.0819643347299649,0.09017251272560212,19.01399335651951,420.99575120896816,357.54424391361715,0.08428329523034378,5696.489241661064,0.01681178565729285
-0.1825842510568744,-8.966258575397612,-8.53344533119131,-4.517774830992928,-0.42459727217131876,-12.960188312746913,-7.105821275199752,-9.313695737725647,-6.263261962148791,-3.1247061834442267,-3.2946719879687523,-11.683903535817636,-0.5378913388495463,-4.087893725037087,90.89606490290711,0.1276285824016087,0.039347425924872816,10.7954666084552,389.37136020864517,0.002352126689309092,0.0819643347299649,0.09017251272560212,19.01399335651951,420.99575120896816,357.54424391361715,0.08428329523034378,3686.782467872288,0.01677452814412597
-0.1825842510568744,-8.964894728471688,-8.53344533119131,-4.517774830992928,-0.42459727217131876,-12.960188312746913,-7.105821275199752,-9.319231165340067,-6.263261962148791,-3.1166701676958817,-3.2946719879687523,-11.683903535817636,1.7779722960977997,-4.086603167303761,90.89606490290711,0.12780274474367498,0.039347425924872816,10.7954666084552,389.37136020864517,0.002352126689309092,0.0819643347299649,0.08967479288613728,19.01399335651951,424.2484026852543,357.54424391361715,0.08428329523034378,8554.463049289512,0.016796190616474218
-0.1825842510568744,-8.974968472406418,-8.531311386153709,-4.510989470646092,-0.42459727217131876,-12.865000366392259,-8.475676680831144,-9.319231165340067,-6.31455557177465,-3.1166701676958817,-4.958632646543808,-11.683903535817636,1.7779722960977997,-4.086603167303761,90.89606490290711,0.12652191770324103,0.03943146424949723,10.868168007564561,389.37136020864517,0.0025870225104703787,0.02084346203885628,0.08967479288613728,18.065005444206435,424.2484026852543,69.73551612191976,0.08428329523034378,8554.463049289512,0.016796190616474218
-0.1825842510568744,-8.971758237907618,-8.531311386153709,-4.510989470646092,-0.42459727217131876,-12.865000366392259,-8.475676680831144,-9.365020987701222,-6.31455557177465,-3.1166701676958817,-4.958632646543808,-11.683903535817636,1.7779722960977997,-4.086603167303761,90.89606490290711,0.12692868373215302,0.03943146424949723,10.868168007564561,389.37136020864517,0.0025870225104703787,0.02084346203885628,0.08566153614346288,18.065005444206435,424.2484026852543,69.73551612191976,0.08428329523034378,8554.463049289512,0.016796190616474218
-0.18203850128258325,-8.971758237907618,-8.544539651754826,-4.510989470646092,-0.42459727217131876,-12.8497963902871,-8.770979411738603,-9.365020987701222,-6.304960667684031,-3.1166701676958817,-4.208810698535203,-11.683903535817636,1.7779722960977997,-4.086603167303761,90.92312690006771,0.12692868373215302,0.038913390021816575,10.868168007564561,389.37136020864517,0.0026266559651653733,0.015514745491541304,0.08566153614346288,18.238853997505633,424.2484026852543,146.4633204780258,0.08428329523034378,8554.463049289512,0.016796190616474218
-0.18203850128258325,-8.971758237907618,-8.527878999074058,-4.510989470646092,-0.42459727217131876,-12.922654003980826,-9.273748144155082,-9.365020987701222,-6.304960667684031,-3.1166701676958817,-5.757795584697936,-11.683903535817636,-1.6334449048063804,-4.086560541905898,90.92312690006771,0.12692868373215302,0.039567014018678646,10.868168007564561,389.37136020864517,0.002442089711453694,0.009384725953678674,0.08566153614346288,18.238853997505633,424.2484026852543,31.48123638003567,0.08428329523034378,1633.5899015161324,0.01679690657604075
-0.18203850128258325,-8.958438123807815,-8.528082178572026,-4.510989470646092,-0.42459727217131876,-12.906181621547592,-8.648907159425073,-9.365020987701222,-6.304960667684031,-3.1236321972340266,-4.36873039077719,-11.683903535817636,-0.13130143387266924,-4.086560541905898,90.92312690006771,0.12863047970236433,0.03955897721923218,10.868168007564561,389.37136020864517,0.0024826497906909836,0.017528760736615027,0.08566153614346288,18.238853997505633,421.4290728422625,125.088592659935,0.08428329523034378,4672.217196508487,0.01679690657604075
-0.18203850128258325,-8.958438123807815,-8.528082178572026,-4.510989470646092,-0.42459727217131876,-12.906181621547592,-8.382996824088838,-9.365020987701222,-6.304960667684031,-3.1236321972340266,-4.36873039077719,-11.683903535817636,-0.13130143387266924,-4.086560541905898,90.92312690006771,0.12863047970236433,0.03955897721923218,10.868168007564561,389.37136020864517,0.0024826497906909836,0.02286711708721336,0.08566153614346288,18.238853997505633,421.4290728422625,125.088592659935,0.08428329523034378,4672.217196508487,0.01679690657604075
-0.18203850128258325,-8.979193151554338,-8.528082178572026,-4.510989470646092,-0.42459727217131876,-12.906181621547592,-8.382996824088838,-9.374573487466758,-6.304960667684031,-3.1489545506832153,-4.36873039077719,-11.683903535817636,0.4487052510603693,-4.086560541905898,90.92312690006771,0.12598859788427821,0.03955897721923218,10.868168007564561,389.37136020864517,0.0024826497906909836,0.02286711708721336,0.08484721934121228,18.238853997505633,411.32491584200244,125.088592659935,0.08428329523034378,6103.313517268619,0.01679690657604075
-0.18226630563318927,-8.979193151554338,-8.533075581955396,-4.510989470646092,-0.38967168798570695,-12.906181621547592,-8.827707707461453,-9.374573487466758,-6.307660469914077,-3.2348703027982286,-4.36873039077719,-11.683903535817636,0.4487052510603693,-4.086372737374054,90.91183064295092,0.12598859788427821,0.039361974431703604,10.868168007564561,397.83430101087026,0.0024826497906909836,0.014659244411706391,0.08484721934121228,18.189768557897057,378.74373710631096,125.088592659935,0.08428329523034378,6103.313517268619,0.01680006140745324
-0.18226630563318927,-8.967282843172933,-8.533075581955396,-4.510989470646092,-0.38967168798570695,-12.906181621547592,-9.519394561798645,-9.374573487466758,-6.307131137443994,-3.2348703027982286,-4.384549375145563,-11.683903535817636,0.9979265300478201,-4.086372737374054,90.91183064295092,0.12749794014247037,0.039361974431703604,10.868168007564561,397.83430101087026,0.0024826497906909836,0.007340870936363638,0.08484721934121228,18.199382013993908,378.74373710631096,123.1495638577952,0.08428329523034378,7306.507144354267,0.01680006140745324
-0.18066933660114726,-8.974051083059665,-8.533075581955396,-4.510989470646092,-0.38967168798570695,-12.906181621547592,-9.182298576225843,-9.374573487466758,-6.28455713431049,-3.2348703027982286,-2.4033681522071397,-11.683903535817636,0.9979265300478201,-4.086372737374054,90.99102531782479,0.12663802611398134,0.039361974431703604,10.868168007564561,397.83430101087026,0.0024826497906909836,0.010283329101561314,0.08484721934121228,18.61411365664044,378.74373710631096,829.1621837235764,0.08428329523034378,7306.507144354267,0.01680006140745324
-0.18066933660114726,-8.974051083059665,-8.523608580824696,-4.510989470646092,-0.38967168798570695,-12.906181621547592,-9.182298576225843,-9.374573487466758,-6.28455713431049,-3.2348703027982286,-3.8217763488276963,-11.683903535817636,0.9979265300478201,-4.086372737374054,90.99102531782479,0.12663802611398134,0.03973630937035361,10.868168007564561,397.83430101087026,0.0024826497906909836,0.010283329101561314,0.08484721934121228,18.61411365664044,378.74373710631096,214.20023632476702,0.08428329523034378,7306.507144354267,0.01680006140745324
-0.18066933660114726,-8.974051083059665,-8.537681950545636,-4.510989470646092,-0.38967168798570695,-12.906181621547592,-9.182298576225843,-9.374573487466758,-6.274600559300612,-3.2142446110741014,-3.7310833928606337,-11.624885483687082,0.9979265300478201,-4.086372737374054,90.99102531782479,0.12663802611398134,0.03918111107125408,10.868168007564561,397.83430101087026,0.0024826497906909836,0.010283329101561314,0.08484721934121228,18.800022018866464,386.3317773031473,234.0589062924717,0.08940720095324853,7306.507144354267,0.01680006140745324
-0.18066933660114726,-8.986357068705686,-8.51309235454904,-4.508594220663505,-0.38967168798570695,-12.873584454601609,-8.138321947622714,-9.374573487466758,-6.274600559300612,-3.2142446110741014,-3.7310833928606337,-11.624885483687082,0.9979265300478201,-4.088425144262003,90.99102531782479,0.1250893637743435,0.040156306008458195,10.893947257335368,397.83430101087026,0.0025649103800200425,0.029204167830698007,0.08484721934121228,18.800022018866464,386.3317773031473,234.0589062924717,0.08940720095324853,7306.507144354267,0.016765616205578746
-0.18066933660114726,-8.986357068705686,-8.51309235454904,-4.508594220663505,-0.38967168798570695,-12.873584454601609,-8.138321947622714,-9.374573487466758,-6.274600559300612,-3.1149365293877764,-3.7310833928606337,-11.624885483687082,1.2867950603563219,-4.088425144262003,90.99102531782479,0.1250893637743435,0.040156306008458195,10.893947257335368,397.83430101087026,0.0025649103800200425,0.029204167830698007,0.08484721934121228,18.800022018866464,424.95325174220335,234.0589062924717,0.08940720095324853,7836.042258938143,0.016765616205578746
-0.18066933660114726,-8.986357068705686,-8.51309235454904,-4.511006242484753,-0.38967168798570695,-12.873584454601609,-8.138321947622714,-9.365125980631438,-6.274600559300612,-3.1149365293877764,-4.490499721873359,-11.624885483687082,1.507280722423309,-4.088425144262003,90.99102531782479,0.1250893637743435,0.040156306008458195,10.86798771092383,397.83430101087026,0.0025649103800200425,0.029204167830698007,0.0856525435302116,18.800022018866464,424.95325174220335,110.90655881967872,0.08940720095324853,8186.578603557393,0.016765616205578746
-0.18066933660114726,-8.986357068705686,-8.5252952765475,-4.503341152002042,-0.43801982763427566,-12.873584454601609,-8.138321947622714,-9.378300160304327,-6.274600559300612,-3.1149365293877764,-4.490499721873359,-11.624885483687082,1.507280722423309,-4.085983493738789,90.99102531782479,0.1250893637743435,0.03966935608189324,10.950696161030166,386.13503476225367,0.0025649103800200425,0.029204167830698007,0.08453163664423906,18.800022018866464,424.95325174220335,110.90655881967872,0.08940720095324853,8186.578603557393,0.016806601997287052
-0.18066933660114726,-8.986357068705686,-8.527458265538161,-4.503341152002042,-0.43801982763427566,-12.873584454601609,-8.436732083938372,-9.378300160304327,-6.274600559300612,-3.1149365293877764,-2.4344610172221537,-11.624885483687082,-0.7360257295216286,-4.085983493738789,90.99102531782479,0.1250893637743435,0.03958366139542124,10.950696161030166,386.13503476225367,0.0025649103800200425,0.021671036536279595,0.08453163664423906,18.800022018866464,424.95325174220335,805.8233669114088,0.08940720095324853,3238.738179006762,0.016806601997287052
-0.18066933660114726,-8.986357068705686,-8.528265471081436,-4.503341152002042,-0.43801982763427566,-12.873584454601609,-8.436732083938372,-9.378300160304327,-6.274600559300612,-3.0260274763762802,-4.652855965374973,-11.624885483687082,-0.7360257295216286,-4.08723759070761,90.99102531782479,0.1250893637743435,0.03955172845329157,10.950696161030166,386.13503476225367,0.0025649103800200425,0.021671036536279595,0.08453163664423906,18.800022018866464,462.6379289993318,94.4428829198258,0.08940720095324853,3238.738179006762,0.016785538099511957
-0.18063166034946837,-8.986357068705686,-8.535742710030867,-4.503341152002042,-0.24896163628262308,-12.953358050538723,-9.556546267025631,-9.378300160304327,-6.274600559300612,-3.038175522420762,-4.652855965374973,-11.624885483687082,-0.7360257295216286,-4.08723759070761,90.99289384425062,0.1250893637743435,0.039257151461624375,10.950696161030166,432.45988321686224,0.002368247284570737,0.007073167955398014,0.08453163664423906,18.800022018866464,457.30723980597037,94.4428829198258,0.08940720095324853,3238.738179006762,0.016785538099511957
-0.1828553905989217,-8.988066372972018,-8.508646527418323,-4.503341152002042,-0.24896163628262308,-12.953358050538723,-9.556546267025631,-9.390353613460986,-6.262794322127033,-3.102315613691737,-4.652855965374973,-11.624885483687082,-0.7802120077471544,-4.08723759070761,90.88262045426272,0.12487575730281394,0.040335195359285654,10.950696161030166,432.45988321686224,0.002368247284570737,0.007073167955398014,0.08351893913084743,19.02287022163975,430.11839138056047,94.4428829198258,0.08940720095324853,3142.74195337071,0.016785538099511957
-0.18558967425227585,-8.97511099900596,-8.539553338751764,-4.503341152002042,-0.24896163628262308,-12.953358050538723,-9.556546267025631,-9.366810938918722,-6.262794322127033,-3.0761292066081327,-4.652855965374973,-11.573848582055113,-0.7802120077471544,-4.08723759070761,90.74705971201313,0.1265038885306038,0.03910787089141683,10.950696161030166,432.45988321686224,0.002368247284570737,0.007073167955398014,0.08550835641656114,19.02287022163975,441.027113330702,94.4428829198258,0.09408867230284076,3142.74195337071,0.016785538099511957
-0.18668590737701155,-8.970065778147564,-8.56709734347844,-4.503341152002042,-0.34798529161655406,-12.953358050538723,-9.556546267025631,-9.342700369623845,-6.27406018367462,-3.0865434299282515,-4.652855965374973,-11.683354716181745,-0.7802120077471544,-4.08723759070761,90.69272009758568,0.1271436599765568,0.0380455853801188,10.950696161030166,408.0097784026693,0.002368247284570737,0.007073167955398014,0.0875948835804016,18.81016472333698,436.65750582972686,94.4428829198258,0.08432956386307199,3142.74195337071,0.016785538099511957
-0.18668590737701155,-8.970065778147564,-8.565291215682318,-4.503341152002042,-0.34798529161655406,-12.953358050538723,-8.999739932831044,-9.342700369623845,-6.27406018367462,-3.0865434299282515,-5.316506743887621,-11.683354716181745,-1.4223848016313956,-4.08723759070761,90.69272009758568,0.1271436599765568,0.03811434955396979,10.950696161030166,408.0097784026693,0.002368247284570737,0.012342666707614141,0.0875948835804016,18.81016472333698,436.65750582972686,48.85886163060252,0.08432956386307199,1942.8799414703751,0.016785538099511957
-0.18668590737701155,-8.970065778147564,-8.565291215682318,-4.503341152002042,-0.34798529161655406,-12.953358050538723,-8.999739932831044,-9.342700369623845,-6.27406018367462,-3.0865434299282515,-5.316506743887621,-11.683354716181745,-1.7631915754952434,-4.08723759070761,90.69272009758568,0.1271436599765568,0.03811434955396979,10.950696161030166,408.0097784026693,0.002368247284570737,0.012342666707614141,0.0875948835804016,18.81016472333698,436.65750582972686,48.85886163060252,0.08432956386307199,1463.9106795227406,0.016785538099511957
-0.18668590737701155,-8.970065778147564,-8.565291215682318,-4.503341152002042,-0.4557739514127407,-12.801924349427129,-8.999739932831044,-9.342700369623845,-6.27406018367462,-3.0865434299282515,-5.316506743887621,-11.683354716181745,-2.3862776552408667,-4.08723759070761,90.69272009758568,0.1271436599765568,0.03811434955396979,10.950696161030166,381.86872597879847,0.0027554573968130904,0.012342666707614141,0.0875948835804016,18.81016472333698,436.65750582972686,48.85886163060252,0.08432956386307199,842.2509693694441,0.016785538099511957
-0.18668590737701155,-8.970065778147564,-8.565291215682318,-4.503341152002042,-0.4557739514127407,-12.801924349427129,-11.001448290163935,-9.342700369623845,-6.281199154681255,-3.12047332737111,-5.332917728536286,-11.683354716181745,0.9457760957526715,-4.087142598071832,90.69272009758568,0.1271436599765568,0.03811434955396979,10.950696161030166,381.86872597879847,0.0027554573968130904,0.0016677251253748554,0.0875948835804016,18.676607599428554,422.70605598575884,48.067405800505966,0.08432956386307199,7202.649239106938,0.016787132677754373
-0.18668590737701155,-8.971041599664973,-8.557718716073555,-4.503341152002042,-0.2890344251686737,-12.902009673647973,-10.315864216399323,-9.342700369623845,-6.281199154681255,-3.1089333330284914,-5.332917728536286,-11.683354716181745,0.9457760957526715,-4.087142598071832,90.69272009758568,0.1270196667240995,0.03840401037411846,10.950696161030166,422.52267491192305,0.002493028885917364,0.0033102646648988598,0.0875948835804016,18.676607599428554,427.40264054151515,48.067405800505966,0.08432956386307199,7202.649239106938,0.016787132677754373
-0.18668590737701155,-8.965216517999536,-8.557718716073555,-4.503341152002042,-0.2890344251686737,-12.942359789358852,-10.315864216399323,-9.342700369623845,-6.281199154681255,-3.1089333330284914,-5.519718248844337,-11.683354716181745,0.9457760957526715,-4.087142598071832,90.69272009758568,0.1277616310283942,0.03840401037411846,10.950696161030166,422.52267491192305,0.00239443758425465,0.0033102646648988598,0.0875948835804016,18.676607599428554,427.40264054151515,39.9098496939648,0.08432956386307199,7202.649239106938,0.016787132677754373
-0.1884999922742929,-8.949200012153291,-8.563402969761052,-4.503341152002042,-0.2890344251686737,-12.942359789358852,-10.315864216399323,-9.342700369623845,-6.281199154681255,-3.02039338473005,-3.0427963236161983,-11.683354716181745,1.129698442987233,-4.087142598071832,90.60280919743133,0.12982413322881117,0.038186373055472435,10.950696161030166,422.52267491192305,0.00239443758425465,0.0033102646648988598,0.0875948835804016,18.676607599428554,465.13024960992493,455.29497623892314,0.08432956386307199,7557.832435228869,0.016787132677754373
-0.1884999922742929,-8.949200012153291,-8.566498848671133,-4.503341152002042,-0.2890344251686737,-12.899752565405615,-8.440895717442356,-9.342700369623845,-6.281199154681255,-3.129861027891655,-2.1948108172236855,-11.683354716181745,0.29409450145197136,-4.087570022740336,90.60280919743133,0.12982413322881117,0.038068357945262254,10.950696161030166,422.52267491192305,0.002498662263083537,0.02158101329703405,0.0875948835804016,18.676607599428554,418.92184658100103,1002.1744825171925,0.08432956386307199,5729.982378701776,0.016779958976352136
-0.1884999922742929,-8.949981526339432,-8.566498848671133,-4.503341152002042,-0.2890344251686737,-12.899752565405615,-8.440895717442356,-9.342700369623845,-6.281199154681255,-3.129861027891655,-2.1948108172236855,-11.683354716181745,0.29409450145197136,-4.087570022740336,90.60280919743133,0.12972272661909304,0.038068357945262254,10.950696161030166,422.52267491192305,0.002498662263083537,0.02158101329703405,0.0875948835804016,18.676607599428554,418.92184658100103,1002.1744825171925,0.08432956386307199,5729.982378701776,0.016779958976352136
-0.1884999922742929,-8.955459597697763,-8.58239945318358,-4.513126555442543,-0.2890344251686737,-12.899752565405615,-7.310281948825589,-9.342700369623845,-6.304274880690819,-3.129861027891655,-2.1948108172236855,-11.683354716181745,0.29409450145197136,-4.087570022740336,90.60280919743133,0.12901413058907826,0.037467947534036906,10.845218235660244,422.52267491192305,0.002498662263083537,0.06681817411111611,0.0875948835804016,18.25134341967688,418.92184658100103,1002.1744825171925,0.08432956386307199,5729.982378701776,0.016779958976352136
-0.1884999922742929,-8.946242553649851,-8.58239945318358,-4.513126555442543,-0.2884950094460374,-12.884681375949075,-10.44647945071573,-9.342700369623845,-6.304274880690819,-3.0804252018116776,-2.5705183666874416,-11.683354716181745,0.29409450145197136,-4.087570022740336,90.60280919743133,0.1302086009655127,0.037467947534036906,10.845218235660244,422.65607706654214,0.002536605184195766,0.0029049522828788954,0.0875948835804016,18.25134341967688,439.21956510726216,710.6007880809257,0.08432956386307199,5729.982378701776,0.016779958976352136
-0.19187398657046417,-8.954878017527594,-8.605331269794556,-4.513126555442543,-0.25187187054875904,-12.945663690791,-8.413432667369129,-9.342474428720811,-6.304274880690819,-3.0804252018116776,-3.425413637279085,-11.68612510463414,0.29409450145197136,-4.087570022740336,90.4356258847101,0.12908917478326604,0.03661867168365843,10.845218235660244,431.73644994200595,0.002386539671517638,0.022181773879498445,0.08761467534929435,18.25134341967688,439.21956510726216,315.1059705767246,0.08409626349339569,5729.982378701776,0.016779958976352136
-0.19187398657046417,-8.949147795106798,-8.605331269794556,-4.513126555442543,-0.25187187054875904,-12.945663690791,-8.413432667369129,-9.342474428720811,-6.304274880690819,-3.1500022283012403,-3.425413637279085,-11.68612510463414,0.29409450145197136,-4.087570022740336,90.4356258847101,0.12983091155845455,0.03661867168365843,10.845218235660244,431.73644994200595,0.002386539671517638,0.022181773879498445,0.08761467534929435,18.25134341967688,410.91190399279986,315.1059705767246,0.08409626349339569,5729.982378701776,0.016779958976352136
-0.1926664253911617,-8.953356486548632,-8.618158028296971,-4.513126555442543,-0.25187187054875904,-12.945663690791,-8.413432667369129,-9.33267495000895,-6.304274880690819,-3.1500022283012403,-3.425413637279085,-11.68612510463414,0.29409450145197136,-4.087570022740336,90.39636788407648,0.1292857120491829,0.03615205670451404,10.845218235660244,431.73644994200595,0.002386539671517638,0.022181773879498445,0.08847739774141483,18.25134341967688,410.91190399279986,315.1059705767246,0.08409626349339569,5729.982378701776,0.016779958976352136
-0.1926664253911617,-8.953356486548632,-8.649587388966095,-4.513126555442543,-0.25187187054875904,-12.85091803272265,-8.413432667369129,-9.33267495000895,-6.302756838035591,-3.1500022283012403,-3.6372973840681952,-11.68612510463414,0.29409450145197136,-4.087570022740336,90.39636788407648,0.1292857120491829,0.03503368659627167,10.845218235660244,431.73644994200595,0.002623711455753208,0.022181773879498445,0.08847739774141483,18.279020094940982,410.91190399279986,256.4824127437475,0.08409626349339569,5729.982378701776,0.016779958976352136
-0.19660840555723255,-8.953356486548632,-8.648865562133556,-4.515013057056008,-0.25187187054875904,-12.85091803272265,-8.725719918962225,-9.33267495000895,-6.302756838035591,-3.1500022283012403,-1.978162090907199,-11.68612510463414,0.29409450145197136,-4.088884270735686,90.20112392489577,0.1292857120491829,0.035058979545864184,10.82499926582371,431.73644994200595,0.002623711455753208,0.01623295123598012,0.08847739774141483,18.279020094940982,410.91190399279986,1215.1489646031403,0.08409626349339569,5729.982378701776,0.016757920434132555
-0.19660840555723255,-8.953356486548632,-8.642437177315136,-4.519264086245397,-0.25187187054875904,-12.85091803272265,-8.725719918962225,-9.33267495000895,-6.327291813248924,-3.073845635000993,-1.978162090907199,-11.60310980586937,0.29409450145197136,-4.088884270735686,90.20112392489577,0.1292857120491829,0.03528503821390222,10.779574545145849,431.73644994200595,0.002623711455753208,0.01623295123598012,0.08847739774141483,17.836791938091896,441.9908166023536,1215.1489646031403,0.09137543763553377,5729.982378701776,0.016757920434132555
-0.19824776233779398,-8.92957035096512,-8.683139561592103,-4.519264086245397,-0.25187187054875904,-12.85091803272265,-8.766849907938827,-9.33267495000895,-6.334726194635349,-3.0850350312608392,-1.978162090907199,-11.60310980586937,3.1671737597311997,-4.08761545957474,90.1199496624748,0.1323973728602746,0.033877926952032816,10.779574545145849,431.73644994200595,0.002623711455753208,0.015578936157437301,0.08847739774141483,17.704912031188965,437.28783258162616,1215.1489646031403,0.09137543763553377,9595.801079409852,0.016779196565455734
-0.19824776233779398,-8.92957035096512,-8.683139561592103,-4.519264086245397,-0.25187187054875904,-12.85091803272265,-8.766849907938827,-9.338490945054053,-6.334726194635349,-3.163900813970019,-1.978162090907199,-11.669882977416577,0.4949004446900984,-4.08761545957474,90.1199496624748,0.1323973728602746,0.033877926952032816,10.779574545145849,431.73644994200595,0.002623711455753208,0.015578936157437301,0.08796435228071374,17.704912031188965,405.47028062452375,1215.1489646031403,0.08547330681250813,6212.601705105558,0.016779196565455734
-0.19824776233779398,-8.92957035096512,-8.674885906284592,-4.519264086245397,-0.2889950732374132,-12.85091803272265,-8.766849907938827,-9.338490945054053,-6.343294404804953,-3.163900813970019,-1.978162090907199,-11.646888374219504,-0.025925863188753895,-4.08761545957474,90.1199496624748,0.1323973728602746,0.03415865284068244,10.779574545145849,422.5324066344967,0.002623711455753208,0.015578936157437301,0.08796435228071374,17.554125825357442,405.47028062452375,1215.1489646031403,0.08746148548286638,4935.1889722172045,0.016779196565455734
-0.19824776233779398,-8.91752054199061,-8.677549629133892,-4.522991252074147,-0.2889950732374132,-12.94349154019167,-8.766849907938827,-9.317032048373683,-6.28938442563592,-3.163900813970019,-1.978162090907199,-11.646888374219504,-0.025925863188753895,-4.08761545957474,90.1199496624748,0.13400217147046747,0.034067800212446764,10.739902760724192,422.5324066344967,0.002391729216893495,0.015578936157437301,0.08987219749971277,18.52464049206357,405.47028062452375,1215.1489646031403,0.08746148548286638,4935.1889722172045,0.016779196565455734
-0.19955286945850906,-8.91752054199061,-8.677549629133892,-4.522991252074147,-0.2889950732374132,-12.94349154019167,-8.308347700355357,-9.315880683201277,-6.28938442563592,-3.163900813970019,-1.978162090907199,-11.646888374219504,-0.025925863188753895,-4.08761545957474,90.05533547418992,0.13400217147046747,0.034067800212446764,10.739902760724192,422.5324066344967,0.002391729216893495,0.024639019480459788,0.08997572349425469,18.52464049206357,405.47028062452375,1215.1489646031403,0.08746148548286638,4935.1889722172045,0.016779196565455734
-0.19955286945850906,-8.91752054199061,-8.689032488186136,-4.522991252074147,-0.2889950732374132,-12.94349154019167,-8.946066935760712,-9.315880683201277,-6.28938442563592,-3.17115650975108,-3.3450906951628117,-11.646888374219504,-0.025925863188753895,-4.087920482564706,90.05533547418992,0.13400217147046747,0.033678907413359695,10.739902760724192,422.5324066344967,0.002391729216893495,0.013023146695494404,0.08997572349425469,18.52464049206357,402.6569905891014,340.5629402173456,0.08746148548286638,4935.1889722172045,0.016774079305230786
-0.20234960939938398,-8.91752054199061,-8.704696871667919,-4.522991252074147,-0.2889950732374132,-12.962556343311448,-10.992779343672728,-9.315880683201277,-6.28938442563592,-3.17115650975108,-3.3450906951628117,-11.646888374219504,-1.145870559216303,-4.087920482564706,89.91690075545064,0.13400217147046747,0.033155545323739564,10.739902760724192,422.5324066344967,0.0023465633841253677,0.0016822451477557711,0.08997572349425469,18.52464049206357,402.6569905891014,340.5629402173456,0.08746148548286638,2412.4415035816105,0.016774079305230786
-0.20046476274721609,-8.923738364542356,-8.704696871667919,-4.522991252074147,-0.2889950732374132,-12.877275893202874,-11.4260342239147,-9.31266564781196,-6.28938442563592,-3.17115650975108,-3.3450906951628117,-11.646888374219504,-1.145870559216303,-4.087920482564706,90.01019377431484,0.13317166535111913,0.033155545323739564,10.739902760724192,422.5324066344967,0.0025554596491583017,0.0010907661435608936,0.09026543798954731,18.52464049206357,402.6569905891014,340.5629402173456,0.08746148548286638,2412.4415035816105,0.016774079305230786
-0.20046476274721609,-8.932011481450578,-8.712390081761969,-4.524025167439052,-0.2889950732374132,-12.877275893202874,-10.688787007938494,-9.31266564781196,-6.28938442563592,-3.17115650975108,-2.331158977460851,-11.661202259989807,-1.145870559216303,-4.088224715427227,90.01019377431484,0.1320746103965341,0.032901493200319695,10.72892342265371,422.5324066344967,0.0025554596491583017,0.002279863694658821,0.09026543798954731,18.52464049206357,402.6569905891014,885.7505494192184,0.08621849976456462,2412.4415035816105,0.016768976855273433
-0.20046476274721609,-8.932011481450578,-8.712390081761969,-4.524025167439052,-0.2889950732374132,-12.877275893202874,-9.152656477408637,-9.31266564781196,-6.28938442563592,-3.17115650975108,-3.3513519438273454,-11.661202259989807,1.373663393174326,-4.088224715427227,90.01019377431484,0.1320746103965341,0.032901493200319695,10.72892342265371,422.5324066344967,0.0025554596491583017,0.01059267850257858,0.09026543798954731,18.52464049206357,402.6569905891014,338.5092091186485,0.08621849976456462,7979.713850883246,0.016768976855273433
-0.20046476274721609,-8.932011481450578,-8.712390081761969,-4.524025167439052,-0.2889950732374132,-12.877275893202874,-7.086935754560546,-9.31266564781196,-6.28938442563592,-3.17115650975108,-2.6590048864888303,-11.661202259989807,1.373663393174326,-4.088224715427227,90.01019377431484,0.1320746103965341,0.032901493200319695,10.72892342265371,422.5324066344967,0.0025554596491583017,0.0835256779222492,0.09026543798954731,18.52464049206357,402.6569905891014,654.3616255710609,0.08621849976456462,7979.713850883246,0.016768976855273433
-0.20046476274721609,-8.932011481450578,-8.735452647897601,-4.524025167439052,-0.3751681702037993,-12.877275893202874,-7.086935754560546,-9.31266564781196,-6.28938442563592,-3.114067235025224,-2.7939197805005516,-11.661202259989807,1.373663393174326,-4.085836808783553,90.01019377431484,0.1320746103965341,0.032151503899859546,10.72892342265371,401.36573024410814,0.0025554596491583017,0.0835256779222492,0.09026543798954731,18.52464049206357,425.3071037397698,576.5362521761526,0.08621849976456462,7979.713850883246,0.01680906745376697
-0.20046476274721609,-8.953366748469655,-8.776244614438493,-4.524025167439052,-0.37556584204937515,-12.877275893202874,-7.086935754560546,-9.31266564781196,-6.28938442563592,-3.156665372878187,-1.726347408236395,-11.699290120251934,1.373663393174326,-4.085836808783553,90.01019377431484,0.12928438550774704,0.030866568922968685,10.72892342265371,401.26877369747586,0.0025554596491583017,0.0835256779222492,0.09026543798954731,18.52464049206357,408.2944580733256,1510.553827855497,0.08299639980661822,7979.713850883246,0.01680906745376697
-0.20046476274721609,-8.919611831296821,-8.795005184798594,-4.524025167439052,-0.37556584204937515,-12.877275893202874,-7.086935754560546,-9.31266564781196,-6.28938442563592,-3.1541569889774257,-1.726347408236395,-11.699290120251934,1.373663393174326,-4.085836808783553,90.01019377431484,0.13372226442155294,0.030292979450426166,10.72892342265371,401.26877369747586,0.0025554596491583017,0.0835256779222492,0.09026543798954731,18.52464049206357,409.2779336922904,1510.553827855497,0.08299639980661822,7979.713850883246,0.01680906745376697
-0.20598096344837521,-8.9205872485351,-8.815185329643956,-4.524025167439052,-0.37556584204937515,-12.877275893202874,-7.086935754560546,-9.311544943343646,-6.28938442563592,-3.1541569889774257,-1.726347408236395,-11.699290120251934,2.4676769423140943,-4.085836808783553,89.7372121259118,0.13359191042985627,0.029687879517793725,10.72892342265371,401.26877369747586,0.0025554596491583017,0.0835256779222492,0.09036664642944944,18.52464049206357,409.2779336922904,1510.553827855497,0.08299639980661822,9218.445590750453,0.01680906745376697
-0.20685556373324088,-8.9205872485351,-8.812496524160014,-4.524025167439052,-0.37556584204937515,-12.877275893202874,-7.086935754560546,-9.32429516902892,-6.302874010514878,-3.1541569889774257,-1.726347408236395,-11.699290120251934,2.4676769423140943,-4.085836808783553,89.69394464180179,0.13359191042985627,0.029767799967105844,10.72892342265371,401.26877369747586,0.0025554596491583017,0.0835256779222492,0.08922186769633948,18.276882336622375,409.2779336922904,1510.553827855497,0.08299639980661822,9218.445590750453,0.01680906745376697
-0.20685556373324088,-8.90749735952148,-8.812496524160014,-4.524025167439052,-0.37556584204937515,-12.877275893202874,-7.086935754560546,-9.32429516902892,-6.315665926604085,-3.1841548933160424,-1.726347408236395,-11.699290120251934,2.4676769423140943,-4.085836808783553,89.69394464180179,0.13535187073276683,0.029767799967105844,10.72892342265371,401.26877369747586,0.0025554596491583017,0.0835256779222492,0.08922186769633948,18.04499418569318,397.66375571089316,1510.553827855497,0.08299639980661822,9218.445590750453,0.01680906745376697
-0.20423003981694698,-8.90749735952148,-8.812496524160014,-4.524025167439052,-0.37556584204937515,-12.877275893202874,-7.41831721029698,-9.32429516902892,-6.315665926604085,-3.1841548933160424,-2.3084610508057364,-11.699290120251934,2.4676769423140943,-4.085836808783553,89.82384399040819,0.13535187073276683,0.029767799967105844,10.72892342265371,401.26877369747586,0.0025554596491583017,0.05997982624652785,0.08922186769633948,18.04499418569318,397.66375571089316,904.2464047729175,0.08299639980661822,9218.445590750453,0.01680906745376697
-0.20423003981694698,-8.910455728228358,-8.79403884276927,-4.524025167439052,-0.37556584204937515,-12.877275893202874,-7.41831721029698,-9.32429516902892,-6.315665926604085,-3.1841548933160424,-2.3084610508057364,-11.712600451816654,0.08871098068086214,-4.085436934306176,89.82384399040819,0.13495209566418526,0.030322262537947467,10.72892342265371,401.26877369747586,0.0025554596491583017,0.05997982624652785,0.08922186769633948,18.04499418569318,397.66375571089316,904.2464047729175,0.08189901870851723,5221.632123712106,0.016815790314890937
-0.20423003981694698,-8.92842583175072,-8.782275455149518,-4.524025167439052,-0.37556584204937515,-12.877275893202874,-9.965494662700223,-9.32429516902892,-6.315665926604085,-3.1841548933160424,-2.3084610508057364,-11.712600451816654,0.08871098068086214,-4.085436934306176,89.82384399040819,0.13254897084898337,0.03068100623099755,10.72892342265371,401.26877369747586,0.0025554596491583017,0.0046991601890244115,0.08922186769633948,18.04499418569318,397.66375571089316,904.2464047729175,0.08189901870851723,5221.632123712106,0.016815790314890937
-0.203933440618071,-8.92842583175072,-8.782275455149518,-4.524025167439052,-0.37556584204937515,-12.877275893202874,-9.965494662700223,-9.32429516902892,-6.315665926604085,-3.106800175864559,-2.3084610508057364,-11.712600451816654,3.8611570478986303,-4.090319868211377,89.83852060134073,0.13254897084898337,0.03068100623099755,10.72892342265371,401.26877369747586,0.0025554596491583017,0.0046991601890244115,0.08922186769633948,18.04499418569318,428.2762423064589,904.2464047729175,0.08189901870851723,9793.900709291114,0.016733880066134105
-0.203933440618071,-8.918129852706926,-8.782275455149518,-4.524025167439052,-0.37556584204937515,-12.877275893202874,-9.15452736072021,-9.32429516902892,-6.3251283630174,-3.106800175864559,-2.3084610508057364,-11.721550134507265,-1.2193629607536733,-4.087341568741766,89.83852060134073,0.13392055831226604,0.03068100623099755,10.72892342265371,401.26877369747586,0.0025554596491583017,0.010572881457196922,0.08922186769633948,17.87535366866866,428.2762423064589,904.2464047729175,0.08116932456390973,2280.4857707704327,0.01678379286299282
